Year,Team,Player,PA,AVG,OBP,SLG,wRC+,K%,BB%,BABIP,SB RAA,SB,SB%,RAVG,ROBP,RSLG,LAVG,LOBP,LSLG,UAVG,UOBP,USLG
2025,LG,박동원,523,0.253,0.342,0.455,121.0,23.7,11.9,0.297,0.71,4,100.0,0.253,0.316,0.452,0.252,0.408,0.461,0.333,0.391,0.619
2025,LG,오스틴,499,0.313,0.393,0.595,171.6,12.4,12.2,0.297,0.46,3,100.0,0.315,0.368,0.576,0.31,0.445,0.643,0.333,0.353,0.8
2025,LG,박해민,544,0.276,0.379,0.346,115.7,17.3,12.5,0.343,1.41,49,77.8,0.281,0.385,0.368,0.266,0.367,0.301,0.333,0.333,0.381
2025,LG,문보경,607,0.276,0.371,0.46,135.5,17.8,13.0,0.301,0.08,3,75.0,0.267,0.352,0.454,0.292,0.404,0.472,0.375,0.5,0.75
2025,LG,구본혁,397,0.286,0.364,0.353,106.0,11.1,9.1,0.326,-0.39,10,66.7,0.298,0.375,0.374,0.259,0.339,0.306,0.25,0.438,0.25
2025,LG,신민재,538,0.313,0.395,0.382,128.8,10.6,11.5,0.352,-1.8,15,62.5,0.294,0.385,0.348,0.347,0.413,0.443,0.2,0.35,0.2
2025,LG,김현수,552,0.298,0.384,0.422,133.1,13.2,11.6,0.331,0.63,4,100.0,0.291,0.392,0.449,0.31,0.371,0.38,0.231,0.444,0.231
2025,LG,오지환,472,0.253,0.314,0.43,101.9,24.4,7.8,0.306,-1.51,9,56.3,0.267,0.333,0.463,0.224,0.271,0.358,0.391,0.44,0.783
2025,LG,문성주,542,0.305,0.375,0.375,115.1,10.9,10.0,0.337,-0.64,4,57.1,0.298,0.366,0.361,0.321,0.392,0.404,0.294,0.316,0.353
2025,LG,홍창기,215,0.287,0.399,0.328,119.4,18.6,13.5,0.358,0.44,3,100.0,0.336,0.449,0.391,0.203,0.307,0.219,0.231,0.412,0.308
2025,LG,최원영,115,0.282,0.33,0.33,81.9,17.4,3.5,0.345,-0.52,8,66.7,0.288,0.351,0.333,0.27,0.289,0.324,0.0,0.333,0.0
2025,LG,이주헌,156,0.219,0.351,0.336,104.4,19.2,11.5,0.255,0.04,0,0.0,0.216,0.343,0.33,0.225,0.367,0.35,0.0,0.167,0.0
2025,LG,문정빈,33,0.167,0.242,0.367,57.2,33.3,3.0,0.177,0.01,0,0.0,0.308,0.4,0.769,0.059,0.111,0.059,,1.0,
2025,LG,함창건,36,0.188,0.25,0.25,33.0,25.0,8.3,0.25,0.0,0,0.0,0.207,0.273,0.276,0.0,0.0,0.0,1.0,1.0,1.0
2025,LG,김준태,2,1.0,1.0,1.0,486.7,0.0,50.0,1.0,0.0,0,0.0,1.0,1.0,1.0,,,,,,
2025,LG,박관우,58,0.264,0.31,0.415,94.9,19.0,5.2,0.293,0.01,0,0.0,0.271,0.321,0.438,0.2,0.2,0.2,0.0,0.667,0.0
2025,LG,송찬의,166,0.211,0.291,0.347,74.1,29.5,5.4,0.292,-0.73,2,50.0,0.245,0.343,0.415,0.151,0.193,0.226,0.0,0.1,0.0
2025,LG,김현종,6,0.4,0.5,0.6,231.7,16.7,16.7,0.5,0.0,0,0.0,0.333,0.333,0.333,0.5,0.667,1.0,,,
2025,LG,유영찬,2,0.0,0.5,0.0,161.5,0.0,50.0,0.0,0.0,0,0.0,0.0,0.5,0.0,,,,0.0,0.0,0.0
2025,LG,김주성,17,0.2,0.294,0.4,87.0,11.8,5.9,0.167,-0.42,0,0.0,0.5,0.5,1.0,0.0,0.182,0.0,0.5,0.5,0.5
2025,LG,우강훈,0,,,,,0.0,0.0,,,0,0.0,,,,,,,,,
2025,LG,박명근,0,,,,,0.0,0.0,,,0,0.0,,,,,,,,,
2025,LG,이지강,0,,,,,0.0,0.0,,,0,0.0,,,,,,,,,
2025,LG,김영우,0,,,,,0.0,0.0,,,0,0.0,,,,,,,,,
2025,LG,이우찬,0,,,,,0.0,0.0,,,0,0.0,,,,,,,,,
2025,LG,김진수,0,,,,,0.0,0.0,,,0,0.0,,,,,,,,,
2025,LG,김진성,0,,,,,0.0,0.0,,,0,0.0,,,,,,,,,
2025,LG,백승현,0,,,,,0.0,0.0,,,0,0.0,,,,,,,,,
2025,LG,장현식,0,,,,,0.0,0.0,,,0,0.0,,,,,,,,,
2025,LG,이정용,0,,,,,0.0,0.0,,,0,0.0,,,,,,,,,
2025,LG,함덕주,0,,,,,0.0,0.0,,,0,0.0,,,,,,,,,
2025,LG,김민수,13,0.182,0.231,0.182,4.6,46.2,7.7,0.333,0.0,1,100.0,0.182,0.231,0.182,,,,,,
2025,LG,김성우,5,0.2,0.2,0.2,-12.7,20.0,0.0,0.25,0.0,0,0.0,0.25,0.25,0.25,0.0,0.0,0.0,0.0,0.0,0.0
2025,LG,손용준,16,0.2,0.25,0.2,15.6,31.3,0.0,0.3,0.13,1,100.0,0.167,0.167,0.167,0.222,0.3,0.222,0.0,0.0,0.0
2025,LG,이영빈,75,0.208,0.216,0.375,42.3,46.7,1.3,0.343,0.13,1,100.0,0.241,0.25,0.397,0.071,0.071,0.286,,,
2025,LG,천성호,118,0.255,0.307,0.34,76.5,14.4,5.9,0.296,0.39,3,100.0,0.259,0.323,0.353,0.238,0.238,0.286,0.0,0.0,0.0
2025,LG,최승민,6,0.0,0.167,0.0,-41.5,33.3,16.7,0.0,-0.72,1,33.3,0.0,0.2,0.0,0.0,0.0,0.0,,,
2025,삼성,디아즈,628,0.314,0.381,0.644,159.7,15.9,9.6,0.299,0.24,1,100.0,0.306,0.37,0.656,0.33,0.402,0.62,0.333,0.417,0.857
2025,삼성,김성윤,538,0.331,0.419,0.474,146.2,10.0,12.1,0.364,0.56,26,78.8,0.354,0.433,0.518,0.283,0.39,0.379,0.474,0.5,0.632
2025,삼성,이재현,555,0.254,0.36,0.427,113.9,21.4,12.4,0.303,0.44,6,85.7,0.232,0.332,0.384,0.324,0.444,0.565,0.381,0.417,0.571
2025,삼성,구자욱,616,0.319,0.402,0.516,143.6,14.8,11.9,0.351,0.36,4,80.0,0.295,0.388,0.51,0.371,0.431,0.529,0.333,0.333,0.429
2025,삼성,김영웅,499,0.249,0.323,0.455,102.8,28.7,9.6,0.313,-0.02,6,75.0,0.259,0.34,0.489,0.224,0.277,0.368,0.154,0.313,0.154
2025,삼성,강민호,465,0.269,0.336,0.417,96.4,14.8,8.2,0.293,-0.51,2,50.0,0.253,0.319,0.388,0.315,0.385,0.5,0.154,0.233,0.192
2025,삼성,류지혁,464,0.28,0.351,0.323,84.1,15.7,7.1,0.336,-1.19,11,64.7,0.275,0.342,0.326,0.294,0.376,0.314,0.28,0.333,0.28
2025,삼성,박승규,200,0.287,0.377,0.42,118.9,21.5,10.5,0.352,-1.03,5,55.6,0.292,0.366,0.417,0.278,0.4,0.426,0.333,0.5,0.333
2025,삼성,양도근,198,0.259,0.337,0.289,74.2,20.7,9.1,0.341,0.39,5,83.3,0.291,0.348,0.326,0.08,0.281,0.08,0.286,0.444,0.429
2025,삼성,이성규,154,0.198,0.327,0.397,96.5,33.8,9.7,0.271,-0.68,2,50.0,0.216,0.333,0.466,0.158,0.313,0.237,0.3,0.417,0.6
2025,삼성,김지찬,373,0.281,0.364,0.322,93.1,11.8,10.2,0.323,2.5,22,88.0,0.271,0.355,0.313,0.312,0.391,0.351,0.214,0.267,0.357
2025,삼성,전병우,97,0.273,0.423,0.338,125.9,27.8,19.6,0.408,0.14,1,100.0,0.315,0.431,0.407,0.174,0.406,0.174,0.462,0.588,0.538
2025,삼성,박병호,232,0.199,0.315,0.454,102.9,30.2,11.6,0.212,0.03,0,0.0,0.215,0.329,0.5,0.154,0.274,0.327,0.2,0.25,0.467
2025,삼성,김도환,14,0.286,0.286,0.357,54.6,28.6,0.0,0.4,0.0,0,0.0,0.3,0.3,0.4,0.25,0.25,0.25,1.0,1.0,2.0
2025,삼성,이재희,0,,,,,0.0,0.0,,,0,0.0,,,,,,,,,
2025,삼성,이호성,0,,,,,0.0,0.0,,,0,0.0,,,,,,,,,
2025,삼성,김대호,0,,,,,0.0,0.0,,,0,0.0,,,,,,,,,
2025,삼성,이승현,0,,,,,0.0,0.0,,,0,0.0,,,,,,,,,
2025,삼성,김재윤,0,,,,,0.0,0.0,,,0,0.0,,,,,,,,,
2025,삼성,양창섭,0,,,,,0.0,0.0,,,0,0.0,,,,,,,,,
2025,삼성,육선엽,0,,,,,0.0,0.0,,,0,0.0,,,,,,,,,
2025,삼성,배찬승,0,,,,,0.0,0.0,,,0,0.0,,,,,,,,,
2025,삼성,김호진,0,,,,,0.0,0.0,,0.0,0,0.0,,,,,,,,,
2025,삼성,김태근,14,0.333,0.429,0.333,123.2,28.6,14.3,0.5,0.01,0,0.0,0.5,0.556,0.5,0.0,0.2,0.0,,1.0,
2025,삼성,박진우,1,0.0,0.0,0.0,-139.5,0.0,0.0,0.0,,0,0.0,0.0,0.0,0.0,,,,,,
2025,삼성,차승준,1,0.0,0.0,0.0,-147.8,0.0,0.0,0.0,,0,0.0,0.0,0.0,0.0,,,,,,
2025,삼성,홍현빈,38,0.125,0.222,0.188,10.1,21.1,7.9,0.167,0.01,0,0.0,0.133,0.235,0.2,0.0,0.0,0.0,0.0,0.4,0.0
2025,삼성,함수호,14,0.214,0.214,0.214,-2.2,42.9,0.0,0.375,0.0,0,0.0,0.214,0.214,0.214,,,,,,
2025,삼성,이창용,17,0.2,0.294,0.467,97.9,47.1,11.8,0.333,0.13,1,100.0,0.111,0.2,0.444,0.333,0.429,0.5,0.0,0.0,0.0
2025,삼성,이병헌,59,0.2,0.254,0.309,43.2,22.0,5.1,0.244,0.02,0,0.0,0.204,0.25,0.327,0.167,0.286,0.167,0.5,0.5,0.5
2025,삼성,양우현,16,0.188,0.188,0.25,-2.8,12.5,0.0,0.214,0.01,0,0.0,0.214,0.214,0.286,0.0,0.0,0.0,,,
2025,삼성,심재훈,43,0.184,0.262,0.184,22.7,30.2,9.3,0.28,-0.04,3,75.0,0.179,0.233,0.179,0.2,0.333,0.2,0.5,0.5,0.5
2025,삼성,김재혁,4,0.0,0.25,0.0,8.6,50.0,25.0,0.0,0.0,0,0.0,0.0,0.25,0.0,,,,0.0,0.0,0.0
2025,삼성,안주형,18,0.235,0.278,0.412,76.0,27.8,5.6,0.273,-0.42,0,0.0,0.25,0.308,0.25,0.2,0.2,0.8,1.0,1.0,1.0
2025,삼성,이해승,5,0.2,0.2,0.2,-10.8,40.0,0.0,0.333,0.01,0,0.0,0.2,0.2,0.2,,,,,,
2025,삼성,김재성,73,0.127,0.222,0.159,3.3,31.5,8.2,0.195,0.01,0,0.0,0.152,0.259,0.196,0.059,0.111,0.059,1.0,0.667,2.0
2025,삼성,윤정빈,46,0.175,0.239,0.2,14.1,39.1,8.7,0.292,0.01,0,0.0,0.179,0.244,0.205,0.0,0.0,0.0,0.667,0.667,0.667
2025,삼성,김헌곤,191,0.225,0.286,0.295,51.9,15.2,5.8,0.259,-0.13,2,66.7,0.195,0.269,0.254,0.291,0.322,0.382,0.0,0.125,0.0
2025,SSG,박성한,538,0.274,0.384,0.381,120.8,17.3,14.7,0.331,-2.08,5,45.5,0.28,0.396,0.37,0.258,0.35,0.408,0.368,0.429,0.737
2025,SSG,에레디아,415,0.339,0.398,0.491,141.0,14.9,7.5,0.378,-0.63,1,33.3,0.337,0.404,0.462,0.345,0.376,0.586,0.217,0.269,0.217
2025,SSG,최지훈,574,0.284,0.342,0.371,93.8,15.2,7.5,0.327,0.19,28,80.0,0.285,0.345,0.382,0.281,0.333,0.333,0.37,0.414,0.407
2025,SSG,정준재,442,0.245,0.34,0.288,81.7,21.0,11.5,0.326,1.0,37,82.2,0.251,0.346,0.298,0.214,0.308,0.232,0.348,0.348,0.391
2025,SSG,한유섬,511,0.273,0.347,0.424,108.4,23.5,9.0,0.339,0.22,1,100.0,0.291,0.366,0.447,0.206,0.278,0.34,0.24,0.345,0.36
2025,SSG,최정,406,0.244,0.36,0.482,126.5,23.2,12.6,0.266,0.19,1,100.0,0.244,0.358,0.48,0.246,0.366,0.493,0.227,0.379,0.409
2025,SSG,고명준,500,0.278,0.306,0.433,90.8,19.8,4.0,0.315,0.36,2,100.0,0.275,0.306,0.439,0.288,0.306,0.413,0.25,0.273,0.25
2025,SSG,조형우,294,0.238,0.294,0.312,61.5,21.8,6.5,0.296,0.05,0,0.0,0.233,0.293,0.315,0.26,0.296,0.3,0.182,0.25,0.182
2025,SSG,안상현,289,0.264,0.314,0.38,85.0,29.4,6.2,0.367,-0.5,17,73.9,0.269,0.325,0.412,0.25,0.288,0.303,0.0,0.111,0.0
2025,SSG,류효승,103,0.287,0.35,0.532,132.6,27.2,6.8,0.35,-0.42,0,0.0,0.277,0.365,0.462,0.31,0.31,0.69,0.667,0.75,1.667
2025,SSG,현원회,62,0.305,0.339,0.373,89.2,25.8,4.8,0.405,0.02,0,0.0,0.295,0.34,0.386,0.333,0.333,0.333,,,
2025,SSG,신범수,39,0.182,0.308,0.303,74.9,17.9,12.8,0.2,0.0,0,0.0,0.161,0.278,0.29,0.5,0.667,0.5,1.0,1.0,1.0
2025,SSG,채현우,52,0.188,0.231,0.313,37.4,25.0,5.8,0.229,0.26,2,100.0,0.111,0.138,0.111,0.286,0.348,0.571,0.0,0.0,0.0
2025,SSG,김태윤,4,0.5,0.75,0.5,352.0,0.0,50.0,0.5,-0.3,1,50.0,0.5,0.667,0.5,,1.0,,1.0,1.0,1.0
2025,SSG,이율예,13,0.231,0.231,0.923,185.0,46.2,0.0,0.0,,0,0.0,0.167,0.167,0.667,1.0,1.0,4.0,0.0,0.0,0.0
2025,SSG,정현승,2,0.5,0.5,1.0,376.0,0.0,0.0,0.5,0.0,0,0.0,0.5,0.5,1.0,,,,,,
2025,SSG,김창평,0,,,,,0.0,0.0,,0.0,0,0.0,,,,,,,,,
2025,SSG,조병현,0,,,,,0.0,0.0,,,0,0.0,,,,,,,,,
2025,SSG,김건우,0,,,,,0.0,0.0,,,0,0.0,,,,,,,,,
2025,SSG,최민준,0,,,,,0.0,0.0,,,0,0.0,,,,,,,,,
2025,SSG,전영준,0,,,,,0.0,0.0,,,0,0.0,,,,,,,,,
2025,SSG,김택형,0,,,,,0.0,0.0,,,0,0.0,,,,,,,,,
2025,SSG,노경은,0,,,,,0.0,0.0,,,0,0.0,,,,,,,,,
2025,SSG,한두솔,0,,,,,0.0,0.0,,,0,0.0,,,,,,,,,
2025,SSG,김강민,0,,,,,0.0,0.0,,,0,0.0,,,,,,,,,
2025,SSG,이로운,0,,,,,0.0,0.0,,,0,0.0,,,,,,,,,
2025,SSG,최현석,0,,,,,0.0,0.0,,,0,0.0,,,,,,,,,
2025,SSG,임근우,5,0.0,0.0,0.0,-139.0,20.0,0.0,0.0,,0,0.0,0.0,0.0,0.0,0.0,0.0,0.0,,,
2025,SSG,김성현,137,0.217,0.316,0.27,66.2,14.6,11.7,0.253,-0.28,1,50.0,0.226,0.32,0.286,0.194,0.306,0.226,0.0,0.2,0.0
2025,SSG,이지영,216,0.239,0.283,0.325,58.6,10.2,5.1,0.253,-0.13,2,66.7,0.225,0.275,0.317,0.273,0.305,0.345,0.125,0.125,0.25
2025,SSG,이승민,5,0.2,0.2,0.2,-11.4,40.0,0.0,0.333,0.0,0,0.0,0.25,0.25,0.25,0.0,0.0,0.0,,,
2025,SSG,이정범,3,0.0,0.0,0.0,-133.5,66.7,0.0,0.0,,0,0.0,0.0,0.0,0.0,,,,,,
2025,SSG,최상민,9,0.143,0.333,0.143,57.5,55.6,11.1,0.5,-0.29,1,50.0,0.167,0.375,0.167,0.0,0.0,0.0,0.0,0.0,0.0
2025,SSG,김수윤,12,0.091,0.167,0.091,-43.2,33.3,0.0,0.143,0.0,0,0.0,0.0,0.143,0.0,0.2,0.2,0.2,,1.0,
2025,SSG,맥브룸,80,0.203,0.263,0.405,62.8,35.0,6.3,0.262,0.01,0,0.0,0.25,0.286,0.5,0.0,0.176,0.0,1.0,1.0,2.0
2025,SSG,석정우,54,0.265,0.333,0.408,100.0,33.3,7.4,0.379,0.01,0,0.0,0.263,0.3,0.447,0.273,0.429,0.273,0.0,0.0,0.0
2025,SSG,홍대인,5,0.2,0.2,0.2,-11.7,40.0,0.0,0.333,-0.29,1,50.0,0.25,0.25,0.25,0.0,0.0,0.0,,,
2025,SSG,김성욱,119,0.209,0.263,0.318,51.9,24.4,5.9,0.266,-0.28,1,50.0,0.152,0.193,0.215,0.355,0.429,0.581,0.143,0.143,0.571
2025,SSG,최준우,192,0.191,0.328,0.25,73.3,24.5,15.6,0.245,0.29,2,100.0,0.206,0.341,0.27,0.0,0.154,0.0,0.444,0.5,0.444
2025,SSG,오태곤,229,0.201,0.31,0.309,74.8,25.8,13.1,0.26,-1.14,25,75.8,0.191,0.284,0.313,0.222,0.359,0.302,0.167,0.167,0.167
2025,SSG,김찬형,78,0.178,0.221,0.205,5.5,16.7,3.8,0.217,0.01,0,0.0,0.151,0.211,0.17,0.25,0.25,0.3,0.2,0.2,0.2
2025,SSG,하재훈,61,0.143,0.197,0.304,21.9,34.4,6.6,0.152,-0.71,1,33.3,0.132,0.15,0.211,0.167,0.286,0.5,0.0,0.0,0.0
2025,SSG,박지환,68,0.15,0.2,0.15,-14.2,27.9,5.9,0.214,-0.41,0,0.0,0.154,0.227,0.154,0.143,0.143,0.143,0.333,0.333,0.333
2025,롯데,레이예스,643,0.326,0.386,0.475,124.8,10.3,9.0,0.346,0.6,7,87.5,0.322,0.38,0.474,0.337,0.399,0.476,0.318,0.333,0.409
2025,롯데,윤동희,399,0.282,0.386,0.433,128.9,16.3,12.3,0.321,-0.39,4,66.7,0.275,0.391,0.413,0.301,0.372,0.494,0.158,0.407,0.158
2025,롯데,유강남,350,0.274,0.352,0.383,101.4,18.9,7.4,0.329,0.07,0,0.0,0.278,0.361,0.404,0.263,0.326,0.325,0.25,0.348,0.5
2025,롯데,고승민,538,0.271,0.35,0.35,94.3,15.4,10.4,0.319,0.34,5,83.3,0.259,0.347,0.341,0.295,0.356,0.369,0.533,0.588,0.867
2025,롯데,한태양,267,0.274,0.367,0.378,113.3,25.8,12.0,0.384,-0.28,3,60.0,0.275,0.373,0.353,0.27,0.352,0.444,0.364,0.417,0.364
2025,롯데,전준우,472,0.293,0.369,0.42,115.1,15.0,9.3,0.332,-0.09,2,66.7,0.308,0.383,0.443,0.248,0.328,0.352,0.333,0.385,0.458
2025,롯데,박찬형,148,0.341,0.419,0.504,152.1,17.6,7.4,0.406,-0.25,1,50.0,0.362,0.433,0.552,0.25,0.357,0.292,0.4,0.4,0.8
2025,롯데,전민재,369,0.287,0.337,0.378,90.6,17.1,6.0,0.34,-0.27,3,50.0,0.294,0.351,0.367,0.265,0.295,0.41,0.316,0.435,0.474
2025,롯데,김동혁,114,0.225,0.373,0.292,100.7,22.8,15.8,0.318,-0.04,13,76.5,0.233,0.356,0.315,0.188,0.435,0.188,0.25,0.308,0.5
2025,롯데,이호준,153,0.242,0.327,0.424,105.1,21.6,9.2,0.299,0.16,1,100.0,0.27,0.333,0.5,0.156,0.308,0.188,0.214,0.389,0.286
2025,롯데,장두성,284,0.262,0.332,0.298,75.0,22.5,8.5,0.35,0.07,17,77.3,0.268,0.342,0.304,0.241,0.293,0.278,0.381,0.364,0.381
2025,롯데,박재엽,16,0.286,0.375,0.571,148.3,31.3,12.5,0.375,0.0,0,0.0,0.375,0.444,0.875,0.167,0.286,0.167,1.0,1.0,4.0
2025,롯데,손호영,375,0.25,0.313,0.323,71.3,17.6,5.9,0.298,0.94,7,100.0,0.247,0.305,0.299,0.26,0.337,0.403,0.278,0.3,0.333
2025,롯데,김민성,254,0.243,0.353,0.346,96.0,18.9,13.0,0.299,-0.38,0,0.0,0.255,0.341,0.369,0.211,0.384,0.281,0.333,0.368,0.333
2025,롯데,황성빈,273,0.256,0.315,0.317,72.2,16.8,6.6,0.309,1.74,25,86.2,0.251,0.312,0.328,0.27,0.324,0.286,0.333,0.333,0.333
2025,롯데,박건우,3,0.667,0.667,0.667,267.6,33.3,0.0,1.0,0.0,0,0.0,0.5,0.5,0.5,1.0,1.0,1.0,,,
2025,롯데,최항,7,0.167,0.286,0.167,35.0,57.1,14.3,0.5,0.0,0,0.0,0.167,0.286,0.167,,,,,1.0,
2025,롯데,정보근,152,0.186,0.291,0.256,52.8,25.7,11.8,0.258,0.01,0,0.0,0.18,0.272,0.243,0.222,0.391,0.333,0.231,0.231,0.231
2025,롯데,이인한,0,,,,,0.0,0.0,,0.0,0,0.0,,,,,,,,,
2025,롯데,윤성빈,0,,,,,0.0,0.0,,,0,0.0,,,,,,,,,
2025,롯데,김강현,0,,,,,0.0,0.0,,,0,0.0,,,,,,,,,
2025,롯데,구승민,0,,,,,0.0,0.0,,,0,0.0,,,,,,,,,
2025,롯데,박준우,0,,,,,0.0,0.0,,,0,0.0,,,,,,,,,
2025,롯데,김상수,0,,,,,0.0,0.0,,,0,0.0,,,,,,,,,
2025,롯데,김원중,0,,,,,0.0,0.0,,,0,0.0,,,,,,,,,
2025,롯데,정현수,0,,,,,0.0,0.0,,,0,0.0,,,,,,,,,
2025,롯데,정철원,0,,,,,0.0,0.0,,,0,0.0,,,,,,,,,
2025,롯데,박진,0,,,,,0.0,0.0,,,0,0.0,,,,,,,,,
2025,롯데,강승구,1,0.0,0.0,0.0,-129.6,0.0,0.0,0.0,,0,0.0,0.0,0.0,0.0,,,,,,
2025,롯데,이태경,1,0.0,0.0,0.0,-129.6,100.0,0.0,,,0,0.0,,,,0.0,0.0,0.0,,,
2025,롯데,강성우,0,,,,,0.0,0.0,,-0.42,0,0.0,,,,,,,,,
2025,롯데,나승엽,392,0.229,0.347,0.36,99.8,16.6,14.0,0.259,0.07,0,0.0,0.246,0.361,0.381,0.171,0.3,0.289,0.32,0.433,0.48
2025,롯데,조세진,9,0.143,0.333,0.143,59.0,44.4,22.2,0.333,0.0,0,0.0,0.0,0.333,0.0,0.2,0.333,0.2,,1.0,
2025,롯데,노진혁,69,0.27,0.333,0.397,98.6,29.0,7.2,0.381,0.01,0,0.0,0.276,0.344,0.414,0.2,0.2,0.2,0.0,0.0,0.0
2025,롯데,한승현,19,0.059,0.105,0.059,-71.1,31.6,5.3,0.083,0.13,1,50.0,0.125,0.2,0.125,0.0,0.0,0.0,0.0,0.0,0.0
2025,롯데,손성빈,69,0.145,0.209,0.194,1.7,29.0,5.8,0.195,0.01,0,0.0,0.143,0.208,0.204,0.154,0.214,0.154,0.0,0.0,0.0
2025,롯데,신윤후,13,0.167,0.167,0.167,-31.0,23.1,0.0,0.222,0.13,1,100.0,0.143,0.143,0.143,0.2,0.2,0.2,0.0,0.0,0.0
2025,롯데,박승욱,92,0.19,0.244,0.226,22.3,32.6,5.4,0.296,-0.29,1,50.0,0.217,0.27,0.261,0.067,0.125,0.067,0.0,0.333,0.0
2025,롯데,정훈,200,0.216,0.268,0.308,47.0,20.0,5.0,0.266,0.04,0,0.0,0.225,0.291,0.349,0.196,0.211,0.214,0.462,0.563,0.615
2025,KT,안현민,482,0.334,0.448,0.57,182.7,14.9,15.6,0.362,0.28,7,87.5,0.333,0.445,0.554,0.337,0.457,0.62,0.308,0.4,0.308
2025,KT,장성우,480,0.247,0.333,0.38,96.1,20.0,11.5,0.283,-0.34,0,0.0,0.216,0.297,0.327,0.336,0.43,0.533,0.053,0.217,0.211
2025,KT,허경민,481,0.283,0.362,0.355,99.4,7.3,8.1,0.299,0.2,4,80.0,0.262,0.329,0.331,0.35,0.456,0.427,0.182,0.308,0.545
2025,KT,강백호,369,0.265,0.358,0.467,125.9,17.3,11.9,0.288,-1.37,2,33.3,0.272,0.361,0.502,0.244,0.35,0.372,0.667,0.625,1.667
2025,KT,로하스,384,0.239,0.333,0.426,107.0,18.5,12.5,0.26,-0.22,1,50.0,0.233,0.338,0.427,0.253,0.321,0.424,0.2,0.529,0.6
2025,KT,김상수,423,0.254,0.349,0.335,93.3,13.5,12.3,0.283,-0.25,3,75.0,0.255,0.348,0.344,0.25,0.354,0.313,0.231,0.333,0.231
2025,KT,천성호,81,0.209,0.346,0.313,91.9,14.8,12.3,0.255,-0.41,0,0.0,0.217,0.356,0.333,0.143,0.25,0.143,0.2,0.333,0.4
2025,KT,오윤석,184,0.256,0.335,0.321,82.0,22.3,6.5,0.345,0.03,0,0.0,0.261,0.354,0.333,0.244,0.286,0.289,0.286,0.444,0.286
2025,KT,황재균,424,0.275,0.336,0.379,95.2,19.8,8.0,0.335,-0.12,3,75.0,0.263,0.311,0.367,0.313,0.405,0.417,0.368,0.4,0.526
2025,KT,스티븐슨,168,0.262,0.341,0.403,104.5,25.6,8.3,0.35,0.29,2,100.0,0.245,0.331,0.418,0.308,0.372,0.359,0.0,0.0,0.0
2025,KT,권동진,309,0.225,0.304,0.303,68.4,29.4,9.7,0.333,0.02,3,75.0,0.252,0.326,0.345,0.138,0.233,0.169,0.154,0.154,0.154
2025,KT,문상철,209,0.214,0.325,0.347,89.7,21.1,12.0,0.252,-0.26,1,50.0,0.198,0.319,0.362,0.246,0.338,0.316,0.333,0.333,0.333
2025,KT,이호연,75,0.343,0.378,0.486,129.9,18.7,4.0,0.418,0.02,0,0.0,0.328,0.359,0.475,0.444,0.5,0.556,0.333,0.333,0.667
2025,KT,박민석,21,0.263,0.333,0.421,114.3,19.0,9.5,0.333,-0.41,0,0.0,0.111,0.273,0.111,0.4,0.4,0.7,,,
2025,KT,안치영,56,0.227,0.327,0.318,78.7,23.2,7.1,0.29,-0.83,0,0.0,0.25,0.333,0.357,0.188,0.316,0.25,0.0,0.0,0.0
2025,KT,장준원,154,0.207,0.248,0.25,27.5,17.5,5.2,0.248,0.03,0,0.0,0.207,0.242,0.264,0.208,0.259,0.226,0.0,0.333,0.0
2025,KT,김민석,0,,,,,0.0,0.0,,,0,0.0,,,,,,,,,
2025,KT,박경수,0,,,,,0.0,0.0,,,0,0.0,,,,,,,,,
2025,KT,손동현,0,,,,,0.0,0.0,,,0,0.0,,,,,,,,,
2025,KT,이정현,0,,,,,0.0,0.0,,,0,0.0,,,,,,,,,
2025,KT,박건우,0,,,,,0.0,0.0,,,0,0.0,,,,,,,,,
2025,KT,최동환,0,,,,,0.0,0.0,,,0,0.0,,,,,,,,,
2025,KT,우규민,0,,,,,0.0,0.0,,,0,0.0,,,,,,,,,
2025,KT,주권,0,,,,,0.0,0.0,,,0,0.0,,,,,,,,,
2025,KT,김민수,0,,,,,0.0,0.0,,,0,0.0,,,,,,,,,
2025,KT,이상동,0,,,,,0.0,0.0,,,0,0.0,,,,,,,,,
2025,KT,박영현,0,,,,,0.0,0.0,,,0,0.0,,,,,,,,,
2025,KT,장진혁,157,0.209,0.275,0.331,60.9,29.3,8.3,0.278,0.17,1,100.0,0.207,0.273,0.333,0.214,0.281,0.321,0.0,0.111,0.0
2025,KT,송민섭,0,,,,,0.0,0.0,,0.0,0,0.0,,,,,,,,,
2025,KT,배정대,276,0.204,0.279,0.292,52.8,23.6,6.9,0.267,-0.78,6,66.7,0.229,0.296,0.337,0.149,0.241,0.189,0.357,0.357,0.429
2025,KT,김병준,5,0.2,0.2,0.2,-10.9,40.0,0.0,0.333,0.0,0,0.0,0.2,0.2,0.2,,,,0.0,0.0,0.0
2025,KT,김건형,1,0.0,0.0,0.0,-132.8,0.0,0.0,0.0,,0,0.0,0.0,0.0,0.0,,,,,,
2025,KT,이정훈,148,0.258,0.338,0.379,96.3,32.4,8.8,0.375,-0.4,0,0.0,0.269,0.341,0.403,0.154,0.313,0.154,0.0,0.0,0.0
2025,KT,강현우,78,0.188,0.293,0.25,55.5,17.9,12.8,0.22,0.02,0,0.0,0.208,0.296,0.292,0.125,0.286,0.125,0.25,0.25,0.25
2025,KT,유준규,41,0.118,0.268,0.176,38.7,31.7,17.1,0.191,0.27,2,66.7,0.103,0.278,0.172,0.2,0.2,0.2,0.0,0.0,0.0
2025,KT,최성민,21,0.105,0.15,0.105,-45.5,23.8,4.8,0.143,0.13,1,100.0,0.067,0.067,0.067,0.25,0.4,0.25,0.0,0.0,0.0
2025,KT,오서진,0,,,,,0.0,0.0,,0.0,0,0.0,,,,,,,,,
2025,KT,김민혁,417,0.287,0.341,0.329,84.2,9.8,6.0,0.321,0.06,11,78.6,0.268,0.328,0.316,0.333,0.375,0.36,0.462,0.5,0.692
2025,KT,윤준혁,18,0.059,0.059,0.118,-83.3,27.8,0.0,0.083,0.13,1,100.0,0.067,0.067,0.133,0.0,0.0,0.0,0.0,0.0,0.0
2025,KT,조대현,90,0.187,0.274,0.24,41.5,24.4,7.8,0.264,0.01,0,0.0,0.176,0.263,0.235,0.208,0.296,0.25,,,
2025,KT,강민성,36,0.033,0.167,0.033,-38.2,41.7,13.9,0.063,0.0,0,0.0,0.0,0.095,0.0,0.091,0.267,0.091,,,
2025,두산,양의지,517,0.337,0.406,0.533,162.8,12.2,9.7,0.353,-0.55,4,66.7,0.357,0.411,0.565,0.281,0.393,0.446,0.313,0.313,0.375
2025,두산,케이브,593,0.299,0.351,0.463,125.4,19.6,7.3,0.35,1.82,17,94.4,0.313,0.373,0.494,0.272,0.304,0.4,0.4,0.471,0.667
2025,두산,정수빈,546,0.258,0.355,0.348,104.8,10.4,11.2,0.28,-2.15,26,66.7,0.266,0.363,0.358,0.24,0.337,0.329,0.375,0.412,0.5
2025,두산,김재환,407,0.241,0.354,0.404,118.1,23.6,14.0,0.295,0.09,7,77.8,0.241,0.355,0.434,0.242,0.351,0.326,0.25,0.4,0.333
2025,두산,오명진,371,0.263,0.321,0.366,89.8,25.3,7.3,0.352,-0.58,5,62.5,0.258,0.322,0.367,0.275,0.32,0.363,0.133,0.188,0.267
2025,두산,안재석,147,0.319,0.37,0.541,149.4,18.4,7.5,0.375,-0.15,2,66.7,0.333,0.4,0.589,0.289,0.304,0.444,0.0,0.0,0.0
2025,두산,강승호,400,0.236,0.302,0.372,82.3,28.3,6.0,0.318,0.53,14,82.4,0.23,0.3,0.377,0.25,0.304,0.362,0.375,0.375,0.688
2025,두산,양석환,294,0.248,0.32,0.401,98.5,27.9,8.2,0.326,0.3,1,100.0,0.238,0.304,0.396,0.283,0.371,0.417,0.429,0.5,0.857
2025,두산,이유찬,311,0.242,0.328,0.29,79.0,21.2,10.6,0.315,0.98,12,85.7,0.224,0.299,0.257,0.279,0.386,0.36,0.125,0.125,0.5
2025,두산,박지훈,55,0.417,0.481,0.563,203.7,21.8,9.1,0.543,0.28,1,100.0,0.343,0.41,0.429,0.615,0.667,0.923,0.0,0.0,0.0
2025,두산,김인태,225,0.213,0.356,0.328,107.2,25.3,16.0,0.29,-0.39,0,0.0,0.226,0.356,0.348,0.143,0.351,0.214,0.75,0.833,0.75
2025,두산,임종성,89,0.277,0.307,0.398,86.8,29.2,3.4,0.375,0.14,1,100.0,0.254,0.286,0.424,0.333,0.36,0.333,0.333,0.333,0.333
2025,두산,김기연,245,0.247,0.307,0.315,72.6,18.0,7.8,0.297,0.18,1,100.0,0.268,0.331,0.317,0.208,0.262,0.312,0.333,0.429,0.5
2025,두산,홍성호,27,0.346,0.37,0.615,150.7,29.6,3.7,0.438,0.01,0,0.0,0.304,0.333,0.609,0.667,0.667,0.667,,,
2025,두산,김민혁,21,0.118,0.286,0.294,73.7,28.6,19.0,0.1,0.0,0,0.0,0.0,0.2,0.0,0.222,0.364,0.556,,,
2025,두산,박준영,126,0.225,0.304,0.324,74.8,25.4,7.9,0.304,0.4,3,100.0,0.207,0.286,0.276,0.292,0.37,0.5,0.0,0.0,0.0
2025,두산,여동건,21,0.105,0.19,0.105,-23.9,9.5,9.5,0.118,-0.41,0,0.0,0.083,0.083,0.083,0.143,0.333,0.143,,,
2025,두산,김재호,0,,,,,0.0,0.0,,,0,0.0,,,,,,,,,
2025,두산,홍민규,0,,,,,0.0,0.0,,,0,0.0,,,,,,,,,
2025,두산,김택연,0,,,,,0.0,0.0,,,0,0.0,,,,,,,,,
2025,두산,김호준,0,,,,,0.0,0.0,,,0,0.0,,,,,,,,,
2025,두산,고효준,0,,,,,0.0,0.0,,,0,0.0,,,,,,,,,
2025,두산,최원준,0,,,,,0.0,0.0,,,0,0.0,,,,,,,,,
2025,두산,김정우,0,,,,,0.0,0.0,,,0,0.0,,,,,,,,,
2025,두산,박치국,0,,,,,0.0,0.0,,,0,0.0,,,,,,,,,
2025,두산,양재훈,0,,,,,0.0,0.0,,,0,0.0,,,,,,,,,
2025,두산,박신지,0,,,,,0.0,0.0,,,0,0.0,,,,,,,,,
2025,두산,김한중,0,,,,,0.0,0.0,,,0,0.0,,,,,,,,,
2025,두산,이영하,0,,,,,0.0,0.0,,,0,0.0,,,,,,,,,
2025,두산,김성재,1,0.0,0.0,0.0,-133.6,0.0,0.0,0.0,,0,0.0,,,,0.0,0.0,0.0,,,
2025,두산,강현구,2,0.0,0.0,0.0,-151.0,50.0,0.0,0.0,,0,0.0,,,,0.0,0.0,0.0,,,
2025,두산,박준순,298,0.284,0.307,0.379,82.2,18.8,3.4,0.338,0.59,10,83.3,0.262,0.286,0.345,0.342,0.367,0.474,0.333,0.333,0.667
2025,두산,조수행,140,0.244,0.323,0.277,74.0,20.7,10.0,0.322,0.65,30,81.1,0.242,0.321,0.284,0.25,0.333,0.25,0.4,0.4,0.4
2025,두산,박계범,198,0.263,0.319,0.354,88.1,22.7,7.1,0.346,-0.02,3,75.0,0.257,0.315,0.327,0.274,0.328,0.403,0.0,0.5,0.0
2025,두산,장승현,2,0.0,0.0,0.0,-132.8,0.0,0.0,0.0,,0,0.0,,,,0.0,0.0,0.0,,,
2025,두산,박성재,7,0.0,0.0,0.0,-143.3,71.4,0.0,0.0,,0,0.0,0.0,0.0,0.0,0.0,0.0,0.0,,,
2025,두산,이선우,11,0.182,0.182,0.273,0.9,18.2,0.0,0.222,0.0,0,0.0,0.182,0.182,0.273,,,,,,
2025,두산,박민준,2,0.0,0.0,0.0,-142.3,50.0,0.0,0.0,,0,0.0,0.0,0.0,0.0,,,,,,
2025,두산,김준상,17,0.2,0.25,0.267,32.9,47.1,0.0,0.429,0.0,0,0.0,0.231,0.286,0.308,0.0,0.0,0.0,0.0,0.0,0.0
2025,두산,천현재,3,0.0,0.0,0.0,-151.0,0.0,0.0,0.0,0.0,0,0.0,0.0,0.0,0.0,,,,,,
2025,두산,전다민,12,0.083,0.083,0.083,-88.6,0.0,0.0,0.083,0.38,3,100.0,0.1,0.1,0.1,0.0,0.0,0.0,0.0,0.0,0.0
2025,두산,류현준,22,0.136,0.136,0.136,-53.5,27.3,0.0,0.188,0.0,0,0.0,0.118,0.118,0.118,0.2,0.2,0.2,0.0,0.0,0.0
2025,두산,김대한,37,0.194,0.216,0.278,20.6,16.2,2.7,0.207,-0.42,0,0.0,0.333,0.364,0.476,0.0,0.0,0.0,0.5,0.5,0.5
2025,두산,추재현,87,0.222,0.259,0.321,51.1,19.5,3.4,0.27,0.01,0,0.0,0.25,0.286,0.35,0.143,0.182,0.238,0.25,0.25,0.25
2025,두산,김동준,100,0.237,0.283,0.333,62.4,30.0,5.0,0.328,-0.28,1,50.0,0.23,0.278,0.338,0.263,0.3,0.316,0.0,0.0,0.0
2025,두산,김민석,247,0.228,0.269,0.298,49.1,25.1,4.9,0.304,-0.43,3,60.0,0.229,0.267,0.287,0.225,0.279,0.35,0.2,0.556,0.2
2025,한화,노시환,624,0.26,0.354,0.497,129.7,20.0,11.2,0.28,-0.14,14,73.7,0.274,0.358,0.533,0.215,0.342,0.385,0.361,0.378,0.778
2025,한화,최재훈,348,0.286,0.414,0.353,129.7,13.8,13.2,0.336,-0.23,1,50.0,0.271,0.379,0.314,0.339,0.518,0.492,0.217,0.308,0.261
2025,한화,문현빈,592,0.32,0.37,0.453,124.2,13.9,6.4,0.353,0.27,17,73.9,0.334,0.389,0.482,0.291,0.328,0.394,0.429,0.52,0.429
2025,한화,하주석,305,0.297,0.337,0.391,96.8,21.6,3.9,0.377,-0.12,2,66.7,0.329,0.359,0.44,0.203,0.273,0.246,0.462,0.462,0.615
2025,한화,리베라토,273,0.313,0.366,0.524,143.1,17.2,8.4,0.347,0.18,1,100.0,0.305,0.357,0.551,0.329,0.385,0.468,0.333,0.333,0.556
2025,한화,이진영,366,0.274,0.35,0.417,113.4,25.4,10.4,0.347,-1.5,1,20.0,0.268,0.355,0.417,0.29,0.337,0.419,0.313,0.353,0.375
2025,한화,플로리얼,285,0.271,0.333,0.45,111.5,22.8,8.4,0.332,-0.04,13,81.3,0.269,0.324,0.439,0.276,0.351,0.471,0.333,0.333,0.583
2025,한화,채은성,527,0.288,0.347,0.467,118.4,18.2,5.9,0.326,-0.93,1,33.3,0.272,0.33,0.456,0.333,0.398,0.5,0.3,0.323,0.533
2025,한화,심우준,275,0.231,0.287,0.3,58.0,17.8,6.2,0.279,0.98,11,91.7,0.225,0.276,0.291,0.246,0.319,0.323,0.375,0.375,0.563
2025,한화,이원석,248,0.203,0.29,0.292,62.4,20.6,9.3,0.245,1.81,22,88.0,0.213,0.297,0.284,0.175,0.273,0.316,0.308,0.357,0.692
2025,한화,이도윤,277,0.26,0.296,0.34,66.5,18.8,4.0,0.32,0.17,1,100.0,0.255,0.285,0.357,0.278,0.333,0.278,0.211,0.211,0.526
2025,한화,김태연,340,0.261,0.329,0.34,85.6,18.2,6.8,0.319,-0.56,5,62.5,0.265,0.336,0.342,0.246,0.307,0.333,0.333,0.368,0.389
2025,한화,황영묵,286,0.273,0.329,0.358,87.8,12.9,7.0,0.314,-0.66,1,25.0,0.284,0.332,0.388,0.237,0.318,0.254,0.35,0.409,0.5
2025,한화,이재원,151,0.2,0.28,0.256,48.5,15.2,9.3,0.231,-0.27,1,50.0,0.189,0.278,0.232,0.233,0.286,0.333,0.125,0.125,0.125
2025,한화,이승현,1,1.0,1.0,3.0,1314.7,0.0,0.0,1.0,,0,0.0,1.0,1.0,3.0,,,,1.0,1.0,3.0
2025,한화,장규현,2,1.0,1.0,1.0,478.3,0.0,50.0,1.0,0.0,0,0.0,,1.0,,1.0,1.0,1.0,,,
2025,한화,최인호,159,0.259,0.342,0.367,96.9,18.2,8.2,0.312,0.15,1,100.0,0.271,0.353,0.364,0.19,0.28,0.381,0.2,0.294,0.267
2025,한화,김서현,0,,,,,0.0,0.0,,,0,0.0,,,,,,,,,
2025,한화,한승혁,0,,,,,0.0,0.0,,,0,0.0,,,,,,,,,
2025,한화,정우주,0,,,,,0.0,0.0,,,0,0.0,,,,,,,,,
2025,한화,박상원,0,,,,,0.0,0.0,,,0,0.0,,,,,,,,,
2025,한화,윤산흠,0,,,,,0.0,0.0,,,0,0.0,,,,,,,,,
2025,한화,조동욱,0,,,,,0.0,0.0,,,0,0.0,,,,,,,,,
2025,한화,김종수,0,,,,,0.0,0.0,,,0,0.0,,,,,,,,,
2025,한화,김승일,0,,,,,0.0,0.0,,,0,0.0,,,,,,,,,
2025,한화,박정현,2,0.0,0.0,0.0,-136.1,50.0,0.0,0.0,,0,0.0,0.0,0.0,0.0,,,,,,
2025,한화,손아섭,149,0.265,0.333,0.356,91.0,17.4,8.7,0.321,-0.4,0,0.0,0.241,0.302,0.299,0.311,0.392,0.467,0.333,0.333,0.667
2025,한화,허인서,30,0.172,0.2,0.207,-6.1,40.0,0.0,0.294,0.01,0,0.0,0.185,0.214,0.222,0.0,0.0,0.0,0.0,0.0,0.0
2025,한화,이민재,4,0.0,0.0,0.0,-137.9,25.0,0.0,0.0,,0,0.0,0.0,0.0,0.0,,,,0.0,0.0,0.0
2025,한화,임종찬,35,0.167,0.286,0.3,66.0,37.1,14.3,0.25,0.26,2,100.0,0.13,0.286,0.261,0.286,0.286,0.429,,1.0,
2025,한화,권광민,18,0.167,0.167,0.222,-17.8,27.8,0.0,0.231,0.0,0,0.0,0.133,0.133,0.2,0.333,0.333,0.333,0.0,0.0,0.0
2025,한화,이상혁,12,0.2,0.273,0.3,51.3,25.0,0.0,0.286,-1.31,3,42.9,0.2,0.273,0.3,,,,,,
2025,한화,김인환,26,0.08,0.115,0.2,-39.4,34.6,3.8,0.067,0.0,0,0.0,0.08,0.115,0.2,,,,0.0,0.0,0.0
2025,한화,유로결,16,0.154,0.214,0.154,-9.5,25.0,0.0,0.222,0.13,1,100.0,0.2,0.273,0.2,0.0,0.0,0.0,,,
2025,한화,안치홍,196,0.172,0.245,0.23,22.5,19.9,8.2,0.209,0.4,3,100.0,0.174,0.241,0.231,0.17,0.254,0.226,0.333,0.333,0.417
2025,키움,송성문,646,0.315,0.387,0.53,164.1,14.9,10.5,0.341,2.53,25,92.6,0.31,0.381,0.549,0.326,0.398,0.492,0.37,0.414,0.741
2025,키움,임지열,417,0.244,0.322,0.382,102.4,26.6,10.1,0.316,-0.71,13,68.4,0.228,0.302,0.382,0.278,0.366,0.383,0.125,0.263,0.125
2025,키움,최주환,506,0.275,0.33,0.425,111.4,13.0,7.1,0.295,0.1,0,0.0,0.295,0.339,0.473,0.229,0.311,0.314,0.391,0.462,0.826
2025,키움,김동헌,91,0.268,0.33,0.305,81.8,25.3,7.7,0.367,0.02,0,0.0,0.276,0.338,0.328,0.25,0.308,0.25,0.333,0.333,0.333
2025,키움,김건희,344,0.242,0.27,0.345,63.0,29.7,3.8,0.343,-0.12,2,66.7,0.271,0.302,0.36,0.177,0.198,0.313,0.2,0.25,0.267
2025,키움,이형종,82,0.2,0.3,0.329,83.5,26.8,11.0,0.261,0.14,1,100.0,0.195,0.298,0.366,0.207,0.303,0.276,0.0,0.4,0.0
2025,키움,박주홍,283,0.226,0.31,0.331,84.0,25.4,10.6,0.303,1.13,11,91.7,0.24,0.332,0.343,0.192,0.253,0.301,0.4,0.4,0.467
2025,키움,주성원,174,0.25,0.322,0.308,81.3,25.9,7.5,0.342,0.54,4,100.0,0.259,0.323,0.313,0.227,0.32,0.295,0.0,0.333,0.0
2025,키움,오선진,163,0.238,0.308,0.315,77.4,27.6,7.4,0.337,0.02,0,0.0,0.247,0.333,0.338,0.227,0.278,0.288,0.143,0.143,0.143
2025,키움,주승우,0,,,,,0.0,0.0,,,0,0.0,,,,,,,,,
2025,키움,박정훈,0,,,,,0.0,0.0,,,0,0.0,,,,,,,,,
2025,키움,박윤성,0,,,,,0.0,0.0,,,0,0.0,,,,,,,,,
2025,키움,이준우,0,,,,,0.0,0.0,,,0,0.0,,,,,,,,,
2025,키움,박주성,0,,,,,0.0,0.0,,,0,0.0,,,,,,,,,
2025,키움,알칸타라,0,,,,,0.0,0.0,,,0,0.0,,,,,,,,,
2025,키움,원성준,53,0.174,0.283,0.326,78.7,34.0,13.2,0.231,0.01,0,0.0,0.179,0.289,0.359,0.143,0.25,0.143,0.2,0.333,0.2
2025,키움,김병휘,6,0.25,0.5,0.25,185.8,16.7,33.3,0.333,0.0,0,0.0,0.0,0.667,0.0,0.333,0.333,0.333,,,
2025,키움,이재상,2,0.5,0.5,0.5,156.2,50.0,0.0,1.0,0.0,0,0.0,1.0,1.0,1.0,0.0,0.0,0.0,,,
2025,키움,이원석,8,0.143,0.25,0.143,16.4,25.0,12.5,0.2,0.0,0,0.0,0.2,0.333,0.2,0.0,0.0,0.0,,,
2025,키움,염승원,21,0.211,0.238,0.211,11.9,28.6,4.8,0.286,0.01,0,0.0,0.077,0.133,0.077,0.5,0.5,0.5,0.0,0.0,0.0
2025,키움,박수종,45,0.143,0.2,0.214,3.3,26.7,6.7,0.172,0.15,1,100.0,0.19,0.19,0.333,0.095,0.208,0.095,1.0,1.0,1.0
2025,키움,이승원,2,0.0,0.0,0.0,-151.0,0.0,0.0,0.0,,0,0.0,,,,0.0,0.0,0.0,,,
2025,키움,변상권,20,0.263,0.25,0.368,51.8,10.0,0.0,0.278,0.0,0,0.0,0.235,0.222,0.353,0.5,0.5,0.5,0.143,0.143,0.143
2025,키움,김동엽,29,0.222,0.276,0.296,57.9,37.9,6.9,0.375,0.0,0,0.0,0.067,0.125,0.067,0.417,0.462,0.583,,1.0,
2025,키움,강진성,13,0.182,0.308,0.182,60.5,7.7,15.4,0.2,0.0,0,0.0,0.25,0.4,0.25,0.143,0.25,0.143,0.0,0.0,0.0
2025,키움,서유신,8,0.0,0.125,0.0,-78.4,50.0,12.5,0.0,,0,0.0,0.0,0.125,0.0,,,,,,
2025,키움,이용규,41,0.216,0.275,0.243,43.8,19.5,7.3,0.276,0.13,1,100.0,0.276,0.323,0.31,0.0,0.111,0.0,0.75,0.75,0.75
2025,키움,전태현,207,0.231,0.304,0.258,61.9,28.5,9.7,0.336,0.68,4,100.0,0.209,0.277,0.245,0.302,0.388,0.302,0.182,0.25,0.364
2025,키움,카디네스,361,0.253,0.33,0.372,99.7,18.6,8.9,0.297,-0.65,1,33.3,0.242,0.31,0.346,0.281,0.379,0.438,0.182,0.25,0.227
2025,키움,양현종,14,0.083,0.214,0.083,-10.0,35.7,14.3,0.143,0.0,0,0.0,0.5,0.5,0.5,0.0,0.167,0.0,,,
2025,키움,김웅빈,31,0.083,0.267,0.083,25.0,22.6,19.4,0.118,0.01,0,0.0,0.105,0.292,0.105,0.0,0.167,0.0,0.333,0.333,0.333
2025,키움,장재영,16,0.143,0.25,0.143,15.8,43.8,12.5,0.286,0.13,1,100.0,0.2,0.333,0.2,0.111,0.2,0.111,,1.0,
2025,키움,권혁빈,24,0.1,0.182,0.1,-30.3,29.2,8.3,0.154,0.01,0,0.0,0.125,0.222,0.125,0.0,0.0,0.0,,,
2025,키움,송지후,86,0.175,0.221,0.25,18.2,20.9,3.5,0.21,-0.41,0,0.0,0.122,0.196,0.146,0.231,0.25,0.359,0.25,0.25,0.25
2025,키움,푸이그,172,0.212,0.285,0.34,74.5,22.1,7.0,0.241,0.04,0,0.0,0.177,0.25,0.292,0.302,0.375,0.465,0.385,0.385,0.615
2025,키움,여동욱,61,0.132,0.233,0.264,35.9,34.4,11.5,0.167,0.01,0,0.0,0.121,0.194,0.333,0.15,0.292,0.15,0.0,0.5,0.0
2025,키움,고영우,26,0.217,0.28,0.261,51.4,23.1,7.7,0.294,0.0,0,0.0,0.286,0.375,0.357,0.111,0.111,0.111,0.0,0.0,0.0
2025,키움,김태진,304,0.233,0.281,0.341,67.8,17.4,6.6,0.268,-0.24,1,50.0,0.237,0.271,0.343,0.209,0.333,0.326,0.4,0.458,0.8
2025,키움,김재현,128,0.208,0.234,0.25,19.5,24.2,0.8,0.281,0.14,1,100.0,0.189,0.223,0.222,0.267,0.267,0.333,0.364,0.417,0.364
2025,키움,스톤,93,0.241,0.28,0.31,59.9,25.8,5.4,0.307,0.03,0,0.0,0.246,0.286,0.338,0.227,0.261,0.227,0.5,0.5,0.5
2025,키움,임병욱,140,0.233,0.259,0.353,61.8,23.6,3.6,0.293,0.15,1,100.0,0.204,0.226,0.301,0.333,0.364,0.533,0.25,0.25,0.5
2025,키움,어준서,360,0.238,0.305,0.327,78.4,20.8,8.3,0.291,0.22,1,100.0,0.23,0.305,0.348,0.255,0.307,0.277,0.095,0.174,0.143
2025,KIA,박찬호,595,0.287,0.363,0.359,107.3,11.6,10.4,0.319,0.65,27,81.8,0.294,0.37,0.369,0.266,0.342,0.331,0.31,0.37,0.429
2025,KIA,최형우,549,0.307,0.399,0.529,157.6,17.9,12.2,0.341,0.25,1,100.0,0.309,0.408,0.519,0.302,0.379,0.55,0.409,0.517,0.682
2025,KIA,위즈덤,486,0.236,0.321,0.535,131.4,29.2,10.7,0.257,0.56,3,100.0,0.234,0.329,0.579,0.24,0.302,0.432,0.083,0.241,0.083
2025,KIA,김호령,381,0.283,0.359,0.434,123.2,24.7,8.9,0.378,1.82,12,92.3,0.281,0.351,0.426,0.289,0.378,0.454,0.364,0.364,0.455
2025,KIA,김선빈,308,0.321,0.395,0.428,136.6,11.4,10.1,0.359,0.71,4,100.0,0.311,0.382,0.418,0.347,0.43,0.453,0.286,0.412,0.357
2025,KIA,나성범,310,0.268,0.381,0.444,136.6,25.5,13.5,0.347,0.08,0,0.0,0.264,0.392,0.46,0.276,0.36,0.418,0.3,0.417,0.8
2025,KIA,김태군,274,0.258,0.331,0.373,92.3,7.3,6.2,0.262,0.06,0,0.0,0.253,0.33,0.396,0.268,0.333,0.329,0.2,0.333,0.6
2025,KIA,김도영,122,0.309,0.361,0.582,152.4,18.9,8.2,0.329,0.38,3,100.0,0.305,0.344,0.598,0.321,0.406,0.536,0.154,0.143,0.231
2025,KIA,한준수,276,0.225,0.304,0.369,85.3,17.4,9.4,0.25,0.05,0,0.0,0.21,0.294,0.374,0.286,0.345,0.347,0.333,0.455,0.667
2025,KIA,김규성,222,0.233,0.313,0.301,73.1,22.1,9.5,0.301,-0.03,5,71.4,0.232,0.314,0.305,0.241,0.313,0.276,0.278,0.35,0.333
2025,KIA,박정우,75,0.274,0.4,0.306,117.1,16.0,13.3,0.34,-0.15,2,66.7,0.286,0.426,0.327,0.231,0.286,0.231,0.333,0.429,0.333
2025,KIA,윤도현,160,0.275,0.316,0.47,112.0,22.5,5.0,0.327,-0.15,2,66.7,0.243,0.298,0.417,0.382,0.382,0.647,0.133,0.133,0.133
2025,KIA,정현창,15,0.385,0.467,0.385,160.1,26.7,13.3,0.556,-0.41,0,0.0,0.364,0.462,0.364,0.5,0.5,0.5,1.0,1.0,1.0
2025,KIA,고종욱,123,0.296,0.317,0.391,83.9,13.8,4.1,0.316,-0.14,2,66.7,0.326,0.351,0.449,0.192,0.192,0.192,0.286,0.375,0.286
2025,KIA,홍종표,64,0.192,0.283,0.192,37.9,21.9,10.9,0.256,-0.27,1,50.0,0.174,0.25,0.174,0.333,0.5,0.333,0.333,0.3,0.333
2025,KIA,주효상,17,0.333,0.412,0.467,157.2,23.5,11.8,0.455,0.0,0,0.0,0.364,0.462,0.545,0.25,0.25,0.25,1.0,1.0,1.0
2025,KIA,한승택,23,0.238,0.304,0.286,63.0,30.4,4.3,0.357,0.0,0,0.0,0.364,0.462,0.455,0.1,0.1,0.1,1.0,1.0,1.0
2025,KIA,오선우,474,0.265,0.323,0.432,105.0,33.3,7.2,0.376,-0.74,0,0.0,0.269,0.33,0.44,0.256,0.302,0.413,0.385,0.407,0.538
2025,KIA,최정용,6,0.167,0.167,0.167,-34.0,33.3,0.0,0.25,0.0,0,0.0,0.167,0.167,0.167,,,,,,
2025,KIA,조상우,0,,,,,0.0,0.0,,,0,0.0,,,,,,,,,
2025,KIA,이준영,0,,,,,0.0,0.0,,,0,0.0,,,,,,,,,
2025,KIA,황동하,0,,,,,0.0,0.0,,,0,0.0,,,,,,,,,
2025,KIA,정해영,0,,,,,0.0,0.0,,,0,0.0,,,,,,,,,
2025,KIA,전상현,0,,,,,0.0,0.0,,,0,0.0,,,,,,,,,
2025,KIA,김시훈,0,,,,,0.0,0.0,,,0,0.0,,,,,,,,,
2025,KIA,이성원,0,,,,,0.0,0.0,,,0,0.0,,,,,,,,,
2025,KIA,한재승,0,,,,,0.0,0.0,,,0,0.0,,,,,,,,,
2025,KIA,김대유,0,,,,,0.0,0.0,,,0,0.0,,,,,,,,,
2025,KIA,김현수,0,,,,,0.0,0.0,,,0,0.0,,,,,,,,,
2025,KIA,서건창,26,0.136,0.208,0.318,34.6,19.2,7.7,0.125,0.13,1,100.0,0.2,0.25,0.467,0.0,0.125,0.0,0.0,0.0,0.0
2025,KIA,김기훈,1,0.0,0.0,0.0,-133.6,100.0,0.0,,,0,0.0,0.0,0.0,0.0,,,,,,
2025,KIA,김석환,134,0.265,0.351,0.359,103.8,41.0,10.4,0.475,0.04,0,0.0,0.28,0.358,0.376,0.208,0.321,0.292,0.167,0.375,0.167
2025,KIA,이창진,113,0.161,0.295,0.226,56.9,19.5,14.2,0.197,-0.82,0,0.0,0.14,0.3,0.193,0.194,0.286,0.278,0.0,0.0,0.0
2025,KIA,변우혁,153,0.218,0.275,0.268,45.8,30.7,6.5,0.326,0.04,0,0.0,0.222,0.263,0.278,0.212,0.293,0.25,0.444,0.444,0.556
2025,KIA,박민,105,0.202,0.265,0.287,47.0,31.4,4.8,0.3,0.14,1,100.0,0.16,0.263,0.26,0.25,0.267,0.318,1.0,1.0,1.0
2025,KIA,황대인,57,0.189,0.228,0.302,32.6,24.6,5.3,0.231,0.0,0,0.0,0.2,0.216,0.371,0.167,0.25,0.167,0.0,0.0,0.0
2025,KIA,박헌,14,0.083,0.214,0.083,-14.0,21.4,7.1,0.111,0.0,0,0.0,0.083,0.214,0.083,,,,,,
2025,KIA,정해원,46,0.075,0.196,0.075,-22.6,30.4,10.9,0.115,0.13,0,0.0,0.059,0.238,0.059,0.087,0.16,0.087,0.0,0.0,0.0
2025,KIA,이우성,176,0.219,0.307,0.335,80.2,21.0,10.2,0.274,0.04,0,0.0,0.202,0.292,0.303,0.25,0.333,0.393,0.182,0.182,0.182
2025,KIA,최원준,245,0.229,0.282,0.313,59.9,17.6,6.1,0.265,1.15,9,90.0,0.233,0.28,0.33,0.216,0.286,0.255,0.222,0.25,0.278
2025,KIA,박재현,69,0.081,0.159,0.097,-38.5,37.7,8.7,0.135,-0.75,4,57.1,0.044,0.154,0.044,0.176,0.176,0.235,0.0,0.0,0.0
2025,NC,김주원,624,0.289,0.379,0.451,131.1,17.8,10.1,0.34,2.29,44,80.0,0.301,0.377,0.468,0.264,0.384,0.411,0.343,0.41,0.486
2025,NC,박민우,468,0.302,0.384,0.426,123.3,13.7,9.4,0.349,0.43,28,77.8,0.336,0.409,0.481,0.211,0.315,0.275,0.393,0.5,0.536
2025,NC,김형준,415,0.232,0.32,0.414,100.9,30.4,10.8,0.3,0.46,3,100.0,0.225,0.311,0.382,0.253,0.35,0.517,0.227,0.346,0.364
2025,NC,김휘집,500,0.249,0.349,0.42,112.3,17.8,8.0,0.277,0.59,10,83.3,0.238,0.34,0.344,0.28,0.375,0.619,0.345,0.441,0.517
2025,NC,권희동,456,0.246,0.393,0.363,124.8,17.5,16.9,0.299,-1.41,5,50.0,0.251,0.395,0.367,0.234,0.387,0.355,0.227,0.292,0.364
2025,NC,데이비슨,439,0.293,0.346,0.619,149.0,26.9,7.1,0.313,0.19,1,100.0,0.273,0.314,0.592,0.346,0.425,0.692,0.167,0.182,0.367
2025,NC,박건우,442,0.289,0.37,0.427,119.4,14.3,10.6,0.322,-0.31,6,60.0,0.279,0.354,0.42,0.313,0.406,0.443,0.348,0.407,0.565
2025,NC,최정원,155,0.275,0.417,0.3,117.3,14.2,11.6,0.333,1.79,30,83.3,0.276,0.394,0.295,0.267,0.542,0.333,0.0,0.3,0.0
2025,NC,손아섭,267,0.3,0.362,0.379,104.4,12.4,9.0,0.346,-0.79,0,0.0,0.328,0.387,0.394,0.217,0.288,0.333,0.3,0.333,0.45
2025,NC,김한별,72,0.313,0.371,0.344,99.1,6.9,4.2,0.339,0.15,1,100.0,0.364,0.417,0.424,0.258,0.324,0.258,0.333,0.333,0.333
2025,NC,도태훈,98,0.182,0.315,0.299,74.9,16.3,7.1,0.217,0.4,3,100.0,0.154,0.313,0.246,0.308,0.308,0.538,0.0,0.3,0.0
2025,NC,한석현,138,0.195,0.306,0.319,73.3,19.6,8.7,0.233,-0.27,1,50.0,0.207,0.324,0.315,0.143,0.217,0.333,0.286,0.333,0.286
2025,NC,김정호,11,0.444,0.5,0.444,161.4,36.4,0.0,0.8,0.01,0,0.0,0.4,0.5,0.4,0.5,0.5,0.5,,,
2025,NC,이우성,161,0.283,0.338,0.386,95.3,18.0,8.1,0.342,-0.15,2,66.7,0.287,0.337,0.383,0.275,0.339,0.392,0.167,0.167,0.333
2025,NC,천재환,294,0.238,0.292,0.368,74.0,19.7,5.8,0.277,-0.25,15,75.0,0.259,0.305,0.405,0.184,0.261,0.276,0.259,0.259,0.296
2025,NC,오영수,179,0.232,0.335,0.323,87.4,26.3,12.3,0.314,-0.43,3,60.0,0.221,0.319,0.314,0.333,0.474,0.4,0.222,0.263,0.222
2025,NC,박영빈,5,0.25,0.4,0.25,100.9,40.0,20.0,0.5,-0.64,4,66.7,0.0,0.25,0.0,1.0,1.0,1.0,,,
2025,NC,소이현,0,,,,,0.0,0.0,,,0,0.0,,,,,,,,,
2025,NC,김영규,0,,,,,0.0,0.0,,,0,0.0,,,,,,,,,
2025,NC,손주환,0,,,,,0.0,0.0,,,0,0.0,,,,,,,,,
2025,NC,류진욱,0,,,,,0.0,0.0,,,0,0.0,,,,,,,,,
2025,NC,한재승,0,,,,,0.0,0.0,,,0,0.0,,,,,,,,,
2025,NC,전사민,0,,,,,0.0,0.0,,,0,0.0,,,,,,,,,
2025,NC,김시훈,0,,,,,0.0,0.0,,,0,0.0,,,,,,,,,
2025,NC,배재환,0,,,,,0.0,0.0,,,0,0.0,,,,,,,,,
2025,NC,김태훈,0,,,,,0.0,0.0,,,0,0.0,,,,,,,,,
2025,NC,김범준,1,0.0,0.0,0.0,-139.5,100.0,0.0,,,0,0.0,0.0,0.0,0.0,,,,,,
2025,NC,한재환,31,0.185,0.29,0.185,36.6,45.2,6.5,0.385,0.0,0,0.0,0.19,0.292,0.19,0.167,0.286,0.167,,1.0,
2025,NC,오태양,13,0.25,0.308,0.25,51.8,23.1,7.7,0.333,-0.17,2,66.7,0.286,0.286,0.286,0.2,0.333,0.2,0.5,0.5,0.5
2025,NC,박한결,19,0.118,0.211,0.471,72.0,42.1,10.5,0.0,0.0,0,0.0,0.0,0.0,0.0,0.25,0.4,1.0,0.0,0.0,0.0
2025,NC,정현창,6,0.0,0.0,0.0,-147.2,16.7,0.0,0.0,,0,0.0,0.0,0.0,0.0,,,,0.0,0.0,0.0
2025,NC,안인산,7,0.0,0.0,0.0,-133.2,42.9,0.0,0.0,,0,0.0,0.0,0.0,0.0,0.0,0.0,0.0,,,
2025,NC,고승완,11,0.2,0.273,0.2,31.7,45.5,9.1,0.4,-0.16,2,66.7,0.222,0.222,0.222,0.0,0.5,0.0,0.0,0.0,0.0
2025,NC,송승환,15,0.2,0.2,0.267,5.9,40.0,0.0,0.333,0.0,0,0.0,0.0,0.0,0.0,0.273,0.273,0.364,0.0,0.0,0.0
2025,NC,안중열,60,0.143,0.288,0.204,47.5,25.0,13.3,0.206,0.01,0,0.0,0.111,0.22,0.139,0.231,0.444,0.385,0.0,0.5,0.0
2025,NC,박시원,60,0.204,0.271,0.296,50.7,30.0,8.3,0.286,0.14,1,100.0,0.229,0.302,0.333,0.0,0.0,0.0,0.0,0.0,0.0
2025,NC,김성욱,13,0.077,0.077,0.077,-84.3,46.2,0.0,0.143,-0.42,0,0.0,0.0,0.0,0.0,0.25,0.25,0.25,,,
2025,NC,최원준,204,0.258,0.297,0.355,69.5,13.7,3.9,0.288,-0.73,17,70.8,0.213,0.237,0.323,0.356,0.418,0.424,0.25,0.25,0.625
2025,NC,박세혁,93,0.163,0.215,0.267,19.5,30.1,5.4,0.211,0.14,1,100.0,0.16,0.216,0.259,0.2,0.2,0.4,0.167,0.231,0.417
2025,NC,홍종표,21,0.095,0.095,0.095,-76.3,42.9,0.0,0.167,-0.42,0,0.0,0.133,0.133,0.133,0.0,0.0,0.0,0.0,0.0,0.0
2025,NC,서호철,292,0.266,0.301,0.335,65.5,17.5,2.7,0.315,-0.35,7,70.0,0.286,0.327,0.365,0.211,0.23,0.254,0.286,0.286,0.357
