Year,Team,Player,G,W,L,IP,ERA,FIP,WHIP,K%,BB%,HR/9,BABIP,V_R_ERA,V_R_WHIP,V_R_AVG,V_R_OBP,V_L_ERA,V_L_WHIP,V_L_AVG,V_L_OBP
2023,LG,플럿코,21,11,3,123.1,2.41,3.14,1.18,19.8,6.1,0.37,0.301,2.07,1.20,0.248,0.300,2.82,1.17,0.246,0.291
2023,LG,켈리,30,10,7,178.2,3.83,3.49,1.24,17.3,5.2,0.50,0.311,4.43,1.17,0.257,0.295,3.36,1.34,0.280,0.326
2023,LG,임찬규,30,14,3,144.2,3.42,4.16,1.35,16.3,8.5,0.62,0.291,4.06,1.50,0.275,0.347,2.93,1.26,0.237,0.305
2023,LG,함덕주,57,4,0,55.2,1.62,2.69,0.97,26.6,9.9,0.16,0.231,1.91,0.88,0.137,0.234,1.37,1.10,0.198,0.287
2023,LG,김진성,80,5,1,70.1,2.18,3.90,0.95,25.6,9.6,1.02,0.205,3.19,0.82,0.144,0.226,1.08,1.08,0.200,0.279
2023,LG,백승현,42,2,0,40.0,1.58,3.89,1.15,18.5,11.1,0.45,0.236,0.71,0.79,0.163,0.217,2.45,1.64,0.222,0.364
2023,LG,김윤식,17,6,4,74.2,4.22,4.24,1.49,13.1,7.8,0.48,0.337,4.56,1.37,0.272,0.344,3.67,1.56,0.336,0.368
2023,LG,유영찬,67,6,3,68.0,3.44,4.67,1.40,18.0,13.1,0.53,0.262,3.19,1.55,0.228,0.368,3.93,1.34,0.220,0.320
2023,LG,이정용,37,7,2,86.2,4.15,3.84,1.37,13.1,5.0,0.52,0.316,3.77,1.40,0.304,0.331,4.46,1.39,0.271,0.314
2023,LG,이우찬,38,1,3,38.1,3.52,3.82,1.38,19.1,11.5,0.24,0.324,5.30,1.18,0.250,0.310,1.89,1.53,0.284,0.388
2023,LG,최동환,45,0,0,42.1,3.19,4.41,1.39,10.6,9.0,0.21,0.285,4.74,1.95,0.325,0.411,2.05,1.00,0.192,0.267
2023,LG,고우석,44,3,8,44.0,3.68,2.80,1.36,31.1,11.6,0.41,0.356,5.14,1.62,0.286,0.381,2.01,1.16,0.184,0.303
2023,LG,이지강,22,2,5,68.0,3.97,4.84,1.29,12.7,9.4,0.53,0.257,4.13,1.26,0.228,0.333,3.41,1.31,0.233,0.320
2023,LG,이상규,8,0,0,7.2,2.35,3.91,1.57,17.6,14.7,0.00,0.304,1.59,0.88,0.158,0.238,4.50,3.50,0.400,0.538
2023,LG,이상영,6,0,1,11.0,3.27,6.04,1.82,7.4,14.8,0.00,0.324,6.35,1.76,0.200,0.429,0.00,1.60,0.333,0.429
2023,LG,윤호솔,4,0,0,3.2,2.45,3.66,1.64,23.5,17.6,0.00,0.300,9.00,5.00,0.400,0.625,0.00,0.38,0.111,0.111
2023,LG,송은범,4,0,0,3.2,2.45,5.02,2.45,11.8,17.6,0.00,0.500,3.86,2.14,0.500,0.556,0.00,3.00,0.333,0.500
2023,LG,이민호,5,0,2,19.2,5.03,5.14,1.63,7.7,11.0,0.46,0.300,6.97,1.84,0.300,0.388,2.89,1.39,0.278,0.333
2023,LG,진해수,19,0,0,14.2,3.68,5.54,1.91,16.7,13.9,1.23,0.333,6.75,2.81,0.375,0.484,2.08,1.50,0.257,0.333
2023,LG,송승기,1,0,0,1.0,0.00,6.95,2.00,0.0,20.0,0.00,0.250,0.00,6.00,0.500,0.667,0.00,0.00,0.000,0.000
2023,LG,김영준,1,1,0,0.1,27.00,13.15,6.00,0.0,33.3,0.00,0.500,0.00,0.00,0.000,0.000,99.99,99.99,1.000,1.000
2023,LG,성동현,1,0,0,1.0,9.00,4.45,3.00,16.7,16.7,0.00,0.500,13.50,1.50,0.333,0.333,0.00,6.00,0.500,0.667
2023,LG,오석주,9,0,0,10.0,6.30,4.41,1.50,25.0,6.8,1.80,0.357,5.14,1.14,0.286,0.286,9.00,2.33,0.308,0.438
2023,LG,강효종,7,1,2,21.2,6.23,4.79,1.71,13.6,11.7,0.42,0.338,10.13,1.31,0.293,0.311,2.53,1.97,0.310,0.442
2023,LG,배재준,1,0,0,1.0,18.00,6.95,3.00,0.0,16.7,0.00,0.400,0.00,1.00,0.250,0.250,99.99,99.99,1.000,1.000
2023,LG,김동규,1,0,0,0.1,27.00,41.05,9.00,0.0,50.0,0.00,0.000,27.00,6.00,0.000,0.750,,99.99,0.000,0.500
2023,LG,박명근,57,4,3,51.1,5.08,4.82,1.50,16.9,11.9,0.70,0.287,5.63,1.31,0.231,0.321,4.50,1.89,0.286,0.402
2023,LG,김대현,5,0,0,3.1,10.80,7.96,3.00,13.6,9.1,2.70,0.467,9.00,3.50,0.500,0.571,13.50,2.25,0.286,0.375
2023,LG,손주영,3,1,0,8.2,5.19,4.55,2.08,10.9,13.0,0.00,0.343,6.00,1.67,0.310,0.333,3.38,2.25,0.273,0.429
2023,LG,최원태,9,3,3,44.1,6.70,4.12,1.71,19.0,8.1,1.02,0.378,5.95,1.73,0.337,0.383,5.79,1.71,0.309,0.374
2023,LG,최성훈,5,0,0,3.0,15.00,3.22,2.67,11.8,5.9,0.00,0.500,13.50,2.25,0.429,0.429,16.20,3.00,0.444,0.500
2023,LG,정우영,60,5,6,51.2,4.70,3.96,1.55,16.7,6.9,0.17,0.365,5.06,1.38,0.276,0.374,3.93,1.80,0.321,0.411
2023,삼성,뷰캐넌,30,12,8,188.0,2.54,3.05,1.15,17.7,5.5,0.19,0.291,2.98,1.27,0.259,0.313,2.18,1.06,0.225,0.267
2023,삼성,원태인,26,7,7,150.0,3.24,4.17,1.27,16.1,5.4,0.90,0.301,3.89,1.31,0.282,0.315,2.65,1.22,0.253,0.306
2023,삼성,백정현,18,7,5,100.2,3.67,3.91,1.29,14.6,7.2,0.54,0.298,4.39,1.16,0.233,0.297,2.91,1.42,0.296,0.333
2023,삼성,수아레즈,19,4,7,108.0,3.92,3.12,1.49,18.4,6.7,0.25,0.362,4.66,1.34,0.280,0.319,3.22,1.69,0.322,0.376
2023,삼성,오승환,58,4,5,62.2,3.45,4.59,1.15,16.7,5.7,1.29,0.254,3.68,1.19,0.250,0.292,3.27,1.09,0.222,0.272
2023,삼성,와이드너,10,3,3,53.1,4.56,3.71,1.46,17.8,7.2,0.51,0.343,5.19,1.35,0.301,0.333,4.21,1.68,0.291,0.373
2023,삼성,이호성,5,1,0,17.0,2.65,4.76,1.24,15.5,14.1,0.53,0.213,2.08,1.38,0.207,0.343,3.38,1.00,0.148,0.250
2023,삼성,김대우,44,0,2,64.0,4.50,4.40,1.38,17.7,7.9,0.98,0.309,4.54,1.40,0.270,0.338,4.45,1.29,0.270,0.320
2023,삼성,문용익,14,1,0,13.0,4.15,4.88,1.54,20.3,20.3,0.00,0.250,2.89,1.39,0.188,0.350,7.36,1.91,0.167,0.444
2023,삼성,이재익,51,1,3,41.0,3.95,4.27,1.54,14.4,9.4,0.66,0.326,3.79,1.26,0.246,0.312,4.29,1.76,0.322,0.385
2023,삼성,우규민,56,3,1,43.0,4.81,3.63,1.40,14.9,2.7,0.63,0.354,4.91,1.33,0.316,0.331,4.26,1.58,0.321,0.362
2023,삼성,이재희,2,0,0,8.0,3.38,5.71,1.13,15.2,15.2,1.13,0.136,5.79,1.07,0.222,0.263,0.00,1.20,0.000,0.286
2023,삼성,홍원표,3,0,0,3.2,2.45,4.86,1.09,6.7,13.3,0.00,0.167,9.00,2.00,0.250,0.400,0.00,0.75,0.111,0.200
2023,삼성,박권후,4,0,0,2.2,3.38,9.47,1.88,0.0,7.7,3.38,0.273,5.40,1.80,0.375,0.375,0.00,2.00,0.250,0.400
2023,삼성,김서준,8,0,1,7.2,7.04,6.43,1.96,5.1,15.4,0.00,0.310,10.13,2.63,0.333,0.529,6.23,1.85,0.278,0.381
2023,삼성,김시현,2,0,0,3.0,12.00,12.18,2.67,11.8,11.8,6.00,0.364,10.80,1.80,0.286,0.375,0.00,4.00,0.500,0.571
2023,삼성,최충연,7,0,0,9.1,4.82,8.85,1.82,17.0,14.9,2.89,0.280,4.50,2.00,0.286,0.474,3.60,1.60,0.250,0.400
2023,삼성,최채흥,15,1,7,63.1,6.68,5.12,1.67,11.2,5.4,1.28,0.346,7.83,1.65,0.331,0.366,5.53,1.81,0.336,0.385
2023,삼성,박세웅,2,0,0,0.2,27.00,31.90,6.00,16.7,50.0,13.50,0.000,0.00,0.00,0.000,0.000,54.00,12.00,0.500,0.800
2023,삼성,최지광,22,2,0,17.1,5.19,5.79,1.50,22.0,11.0,2.08,0.260,5.79,1.50,0.282,0.326,2.45,1.50,0.172,0.333
2023,삼성,황동재,7,0,5,31.2,7.11,6.22,1.93,17.4,13.5,1.71,0.347,5.40,1.68,0.294,0.385,9.20,2.18,0.317,0.427
2023,삼성,허윤동,7,0,1,10.2,10.13,5.46,2.63,13.3,20.0,0.00,0.400,9.64,1.71,0.294,0.381,11.81,3.56,0.423,0.528
2023,삼성,노건우,16,0,1,12.1,7.30,5.82,2.19,18.5,7.7,2.19,0.432,4.91,1.23,0.300,0.300,5.40,3.20,0.407,0.515
2023,삼성,이상민,23,2,1,18.0,8.50,3.33,1.94,20.5,3.6,1.00,0.492,7.50,2.17,0.407,0.448,9.26,1.89,0.412,0.415
2023,삼성,장필준,17,1,1,19.1,7.91,5.90,2.07,11.5,12.5,0.93,0.377,10.13,1.50,0.326,0.362,5.40,2.88,0.389,0.521
2023,삼성,홍정우,36,2,3,36.0,7.50,5.95,1.58,13.3,12.7,1.25,0.277,8.24,1.58,0.264,0.376,7.04,1.63,0.266,0.365
2023,삼성,양창섭,15,0,3,28.2,9.10,7.55,2.13,8.5,11.3,2.20,0.362,11.48,2.18,0.393,0.448,7.04,2.09,0.339,0.432
2023,삼성,김태훈,63,5,7,55.2,7.28,5.90,1.83,13.4,13.8,1.13,0.326,7.24,2.09,0.345,0.434,7.57,1.61,0.250,0.367
2023,삼성,최하늘,3,0,2,6.1,19.89,9.85,3.00,7.5,12.5,2.84,0.444,23.63,3.75,0.533,0.611,9.00,2.67,0.357,0.471
2023,SSG,김광현,30,9,8,168.1,3.53,4.19,1.38,16.7,9.8,0.59,0.301,3.77,1.37,0.269,0.333,3.25,1.40,0.248,0.332
2023,SSG,엘리아스,22,8,6,131.1,3.70,4.09,1.32,17.0,6.0,0.82,0.318,4.48,1.41,0.297,0.344,2.68,1.17,0.251,0.304
2023,SSG,맥카티,24,9,5,130.0,3.39,3.63,1.30,21.4,8.3,0.69,0.310,3.99,1.13,0.234,0.289,2.54,1.53,0.269,0.347
2023,SSG,서진용,69,5,4,73.0,2.59,4.27,1.53,19.7,15.1,0.37,0.299,2.89,1.58,0.264,0.377,2.34,1.53,0.215,0.351
2023,SSG,노경은,76,9,5,83.0,3.58,3.81,1.37,18.2,10.1,0.43,0.307,3.28,1.26,0.247,0.328,4.31,1.66,0.274,0.364
2023,SSG,오원석,28,8,10,144.2,5.23,4.90,1.57,13.6,10.6,0.68,0.316,5.61,1.59,0.271,0.366,4.66,1.49,0.285,0.360
2023,SSG,고효준,73,4,1,58.0,4.50,4.03,1.57,25.2,16.0,0.47,0.317,2.96,1.02,0.143,0.275,6.14,1.98,0.289,0.415
2023,SSG,이건욱,27,1,0,38.2,2.09,4.01,1.45,18.3,14.8,0.00,0.287,2.57,1.67,0.247,0.378,1.62,1.20,0.196,0.308
2023,SSG,문승원,50,5,8,105.0,5.23,4.84,1.65,13.6,7.3,1.03,0.353,5.37,1.54,0.297,0.367,5.17,1.77,0.343,0.388
2023,SSG,백승건,25,2,2,38.0,4.97,5.52,1.53,17.1,10.0,1.66,0.296,3.15,1.45,0.273,0.337,6.11,1.58,0.268,0.350
2023,SSG,박민호,10,0,0,10.0,0.90,3.78,1.50,8.5,2.1,0.00,0.350,1.35,1.80,0.375,0.394,0.00,1.00,0.182,0.308
2023,SSG,최민준,53,5,3,60.0,4.20,4.68,1.57,14.1,7.3,1.05,0.352,5.21,1.32,0.291,0.333,2.61,2.03,0.371,0.429
2023,SSG,박종훈,18,2,6,80.0,6.19,6.35,1.71,14.7,15.7,0.90,0.292,8.60,1.91,0.276,0.415,4.05,1.58,0.250,0.415
2023,SSG,서동민,2,0,0,1.0,0.00,10.65,3.00,16.7,50.0,0.00,0.000,0.00,3.00,0.000,0.500,0.00,3.00,0.000,0.500
2023,SSG,조성훈,2,0,1,7.0,6.43,5.08,2.00,11.8,11.8,0.00,0.417,4.50,1.25,0.313,0.389,9.00,3.00,0.417,0.563
2023,SSG,한두솔,1,0,0,1.0,9.00,5.05,2.00,33.3,16.7,0.00,0.500,99.99,99.99,1.000,1.000,0.00,1.00,0.000,0.400
2023,SSG,김주한,1,0,0,0.0,99.99,15003.80,99.99,0.0,33.3,,1.000,,99.99,1.000,1.000,99.99,99.99,1.000,1.000
2023,SSG,이기순,2,0,0,3.0,9.00,9.45,2.33,18.8,25.0,3.00,0.250,16.20,2.40,0.200,0.444,0.00,2.25,0.333,0.429
2023,SSG,서상준,2,0,0,2.0,0.00,7.85,3.00,23.1,38.5,0.00,0.200,0.00,2.25,0.167,0.375,0.00,4.50,0.000,0.600
2023,SSG,신헌민,11,0,0,12.0,6.00,4.47,2.08,12.9,9.7,0.75,0.391,6.43,1.86,0.344,0.382,3.60,2.00,0.286,0.400
2023,SSG,김주온,1,0,0,0.1,81.00,14.95,9.00,20.0,20.0,0.00,1.000,81.00,6.00,0.667,0.750,,99.99,,1.000
2023,SSG,송영진,17,3,3,47.1,5.70,4.76,1.63,17.3,14.1,0.57,0.303,5.84,1.66,0.216,0.369,5.64,1.61,0.300,0.359
2023,SSG,이로운,50,6,1,57.2,5.62,4.65,1.66,19.4,10.8,1.09,0.341,5.40,1.37,0.274,0.327,6.23,2.12,0.309,0.414
2023,SSG,임준섭,41,0,2,32.2,5.79,4.12,1.93,16.8,12.3,0.28,0.410,2.84,1.34,0.267,0.340,7.32,2.34,0.376,0.465
2023,SSG,정성곤,6,0,0,4.1,10.38,12.62,3.46,10.3,24.1,4.15,0.375,7.71,3.00,0.400,0.538,13.50,3.50,0.364,0.500
2023,롯데,반즈,30,11,10,170.1,3.28,3.40,1.33,20.0,7.6,0.32,0.329,3.75,1.42,0.278,0.342,2.49,1.20,0.238,0.316
2023,롯데,박세웅,27,9,7,154.0,3.45,3.62,1.32,19.6,9.0,0.47,0.304,3.56,1.26,0.250,0.311,3.46,1.40,0.252,0.330
2023,롯데,나균안,23,6,8,130.1,3.80,3.51,1.40,20.0,7.4,0.55,0.335,3.88,1.45,0.272,0.346,3.70,1.34,0.281,0.316
2023,롯데,윌커슨,13,7,2,79.2,2.26,2.61,1.09,24.8,6.1,0.34,0.296,2.76,1.02,0.211,0.262,1.77,1.23,0.246,0.303
2023,롯데,김상수,67,4,2,52.0,3.12,3.78,1.27,16.5,9.6,0.17,0.286,3.03,1.04,0.209,0.281,3.32,1.63,0.278,0.376
2023,롯데,최준용,47,2,3,47.2,2.45,3.42,1.43,19.0,8.6,0.38,0.327,2.52,1.36,0.260,0.327,2.45,1.45,0.261,0.330
2023,롯데,스트레일리,16,3,5,80.1,4.37,4.37,1.48,19.2,10.2,0.67,0.318,6.20,1.52,0.276,0.370,2.50,1.44,0.250,0.341
2023,롯데,김원중,63,5,6,63.2,2.97,2.37,1.19,30.9,9.4,0.28,0.327,2.06,1.06,0.189,0.286,4.18,1.39,0.259,0.336
2023,롯데,심재민,29,3,1,45.2,2.96,3.92,1.42,13.9,7.9,0.39,0.311,2.50,1.67,0.274,0.369,3.29,1.24,0.272,0.304
2023,롯데,구승민,67,2,6,63.2,3.96,3.66,1.48,22.8,10.0,0.57,0.345,4.78,2.01,0.316,0.422,3.47,1.10,0.215,0.285
2023,롯데,한현희,38,6,12,104.0,5.45,4.97,1.61,15.5,9.2,0.95,0.335,5.12,1.37,0.249,0.339,5.71,1.83,0.336,0.406
2023,롯데,김도규,36,0,3,29.2,4.55,3.52,1.42,19.7,9.8,0.30,0.318,2.57,1.36,0.255,0.323,6.46,1.50,0.263,0.348
2023,롯데,석상호,5,0,0,5.1,0.00,2.20,1.13,27.3,9.1,0.00,0.308,0.00,0.75,0.200,0.200,0.00,1.50,0.222,0.364
2023,롯데,이진하,9,0,0,8.0,3.38,4.77,0.88,6.5,9.7,0.00,0.160,5.79,0.64,0.133,0.222,0.00,1.20,0.182,0.308
2023,롯데,정성종,12,0,1,22.0,5.32,5.37,1.64,10.2,15.3,0.41,0.294,1.59,1.24,0.225,0.311,9.28,2.06,0.308,0.460
2023,롯데,김창훈,3,0,0,4.1,2.08,3.99,1.38,5.9,5.9,0.00,0.333,0.00,0.60,0.200,0.200,3.38,1.88,0.364,0.417
2023,롯데,이민석,1,0,0,1.1,0.00,4.30,0.75,20.0,20.0,0.00,0.000,0.00,3.00,0.000,0.500,0.00,0.00,0.000,0.000
2023,롯데,김강현,2,0,0,3.0,3.00,6.95,1.00,0.0,15.4,0.00,0.111,13.50,3.00,0.333,0.600,0.00,0.43,0.000,0.143
2023,롯데,박영완,1,0,0,1.0,0.00,4.45,1.00,33.3,33.3,0.00,0.000,0.00,3.00,0.000,0.500,0.00,0.00,0.000,0.000
2023,롯데,김태욱,1,0,0,1.0,0.00,3.85,0.00,0.0,0.0,0.00,0.000,0.00,0.00,0.000,0.000,0.00,0.00,0.000,0.000
2023,롯데,최이준,28,1,0,29.0,6.83,4.78,2.00,14.0,14.7,0.31,0.360,2.35,1.89,0.237,0.392,12.46,2.15,0.373,0.431
2023,롯데,우강훈,3,0,0,6.0,6.00,4.35,1.67,17.2,13.8,0.00,0.333,9.00,1.00,0.214,0.313,0.00,3.00,0.333,0.500
2023,롯데,진승현,24,2,2,27.2,5.86,4.13,1.81,19.4,12.4,0.65,0.372,6.28,1.33,0.235,0.322,4.15,2.23,0.368,0.433
2023,롯데,박진,4,0,0,5.0,9.00,9.57,2.80,6.9,24.1,1.80,0.333,16.88,1.88,0.333,0.385,0.00,3.86,0.333,0.600
2023,롯데,장세진,2,0,0,1.1,13.50,15.55,3.00,12.5,25.0,6.75,0.333,0.00,3.00,0.000,0.500,18.00,3.00,0.500,0.600
2023,롯데,나원탁,1,0,0,0.2,40.50,22.60,6.00,16.7,16.7,13.50,0.667,0.00,9.00,0.667,0.750,81.00,3.00,0.500,0.500
2023,롯데,신정락,34,4,0,29.0,4.66,4.47,1.48,21.9,8.6,1.24,0.346,5.03,1.37,0.274,0.337,4.00,1.78,0.324,0.419
2023,롯데,김진욱,49,2,1,36.1,6.44,5.40,1.82,19.8,16.4,0.99,0.317,5.63,1.50,0.213,0.329,7.08,2.02,0.300,0.430
2023,롯데,이태연,15,0,0,5.2,15.88,9.11,3.71,10.8,24.3,1.59,0.478,40.50,5.25,0.429,0.636,8.31,3.23,0.450,0.538
2023,롯데,이인복,10,1,4,33.1,6.48,5.10,1.92,8.9,6.0,0.81,0.392,5.51,1.71,0.328,0.395,7.41,2.06,0.419,0.442
2023,롯데,최영환,8,0,1,10.0,9.90,4.58,2.20,13.0,13.0,0.00,0.395,11.57,2.36,0.278,0.458,8.44,2.06,0.385,0.393
2023,롯데,문경찬,2,0,1,2.0,27.00,19.20,3.00,16.7,0.0,13.50,0.429,0.00,2.00,0.400,0.400,54.00,4.00,0.571,0.571
2023,롯데,윤명준,21,0,1,19.1,6.52,7.13,2.12,11.2,10.2,1.86,0.403,9.00,3.00,0.457,0.537,4.50,1.40,0.294,0.390
2023,KT,고영표,28,12,7,174.2,2.78,3.19,1.15,16.1,2.7,0.36,0.314,3.08,1.01,0.247,0.272,2.66,1.31,0.296,0.326
2023,KT,쿠에바스,18,12,0,114.1,2.60,2.78,1.04,21.7,5.2,0.32,0.280,1.59,0.86,0.202,0.236,3.32,1.19,0.241,0.289
2023,KT,벤자민,29,15,6,160.0,3.54,3.14,1.21,23.0,6.6,0.68,0.298,4.14,1.22,0.240,0.292,2.99,1.24,0.242,0.297
2023,KT,엄상백,20,7,6,111.2,3.63,3.36,1.16,19.6,6.4,0.48,0.290,5.51,1.31,0.276,0.316,2.18,1.03,0.209,0.270
2023,KT,김재윤,59,5,5,65.2,2.60,2.40,1.02,22.9,5.0,0.27,0.292,3.31,0.98,0.222,0.266,2.23,1.08,0.235,0.273
2023,KT,박영현,68,3,3,75.1,2.75,2.65,1.14,25.6,7.5,0.36,0.309,2.50,1.00,0.189,0.273,3.19,1.34,0.273,0.320
2023,KT,배제성,26,8,10,130.1,4.49,4.76,1.70,13.3,12.9,0.41,0.326,5.61,1.80,0.303,0.396,3.42,1.60,0.276,0.365
2023,KT,손동현,64,8,5,73.2,3.42,4.23,1.19,13.3,6.6,0.61,0.280,4.25,1.31,0.276,0.333,2.80,1.13,0.240,0.290
2023,KT,이상동,36,4,1,40.2,3.98,3.44,1.48,24.0,8.4,0.89,0.360,2.95,0.94,0.244,0.253,5.21,2.05,0.309,0.411
2023,KT,슐서,9,1,7,49.2,5.62,4.34,1.61,15.8,6.3,1.09,0.375,5.24,1.34,0.284,0.330,5.96,1.91,0.375,0.412
2023,KT,전용주,15,0,1,10.1,4.35,3.77,1.16,20.9,14.0,0.00,0.222,9.00,2.00,0.250,0.455,3.24,0.96,0.143,0.250
2023,KT,주권,42,1,2,47.0,4.40,5.28,1.45,8.3,9.3,0.77,0.285,4.26,1.16,0.238,0.319,4.61,1.68,0.306,0.373
2023,KT,이선우,22,0,2,37.1,4.34,4.92,1.50,14.2,5.3,1.21,0.331,1.93,1.16,0.250,0.302,9.00,2.23,0.397,0.443
2023,KT,김영현,31,0,0,33.0,5.45,4.61,1.52,23.3,13.3,1.09,0.296,5.50,1.11,0.197,0.280,5.52,1.98,0.276,0.408
2023,KT,강건,4,0,0,6.2,1.35,2.24,1.05,28.6,10.7,0.00,0.250,5.40,3.00,0.429,0.556,0.00,0.40,0.059,0.111
2023,KT,박세진,16,0,1,11.2,3.86,6.45,2.49,15.2,21.2,0.77,0.342,3.86,4.71,0.462,0.611,3.12,1.85,0.222,0.364
2023,KT,김정운,5,0,0,7.0,3.86,6.32,1.71,8.6,17.1,0.00,0.250,4.91,2.18,0.214,0.421,2.70,1.20,0.231,0.375
2023,KT,하준호,12,0,1,13.0,4.15,6.27,1.85,9.2,15.4,0.00,0.350,4.91,2.18,0.308,0.471,4.00,1.67,0.303,0.465
2023,KT,조현우,5,0,0,3.0,6.00,5.08,2.67,5.9,11.8,0.00,0.429,0.00,3.00,0.333,0.500,7.71,2.57,0.417,0.462
2023,KT,이채호,25,0,1,24.2,6.93,7.44,1.42,7.3,8.2,2.19,0.241,8.80,1.50,0.300,0.362,4.00,1.33,0.235,0.333
2023,KT,김민수,14,0,1,13.0,6.92,5.19,1.69,6.9,8.6,0.69,0.356,2.84,1.42,0.280,0.333,10.80,1.95,0.435,0.464
2023,KT,심재민,4,0,0,2.0,22.50,5.70,5.00,6.3,12.5,0.00,0.615,0.00,6.00,0.600,0.667,33.75,4.50,0.556,0.600
2023,KT,김민,16,1,2,29.0,6.83,5.32,1.93,15.2,11.0,0.93,0.374,5.79,2.00,0.361,0.444,8.16,1.95,0.300,0.400
2023,KT,김태오,5,0,0,7.1,7.36,4.09,1.91,8.6,11.4,0.00,0.357,10.13,3.38,0.429,0.529,5.79,1.07,0.267,0.278
2023,KT,소형준,3,0,0,11.0,11.45,5.71,2.27,6.8,5.1,0.82,0.447,6.00,2.00,0.400,0.400,15.43,2.71,0.457,0.537
2023,KT,조이현,18,2,1,35.0,6.69,4.36,1.91,10.0,3.5,0.77,0.411,4.00,1.28,0.304,0.315,9.72,2.52,0.447,0.473
2023,두산,알칸타라,31,13,9,192.0,2.67,3.38,1.07,20.8,4.5,0.75,0.282,1.87,0.88,0.196,0.240,3.16,1.19,0.265,0.296
2023,두산,곽빈,23,12,7,127.1,2.90,3.96,1.21,20.2,11.0,0.50,0.260,2.88,1.04,0.204,0.280,3.03,1.41,0.227,0.337
2023,두산,브랜든,18,11,3,104.2,2.49,3.16,1.05,23.4,7.0,0.34,0.278,3.26,1.14,0.221,0.317,1.60,0.93,0.200,0.256
2023,두산,최승용,34,3,6,111.0,3.97,4.03,1.35,17.1,7.1,0.73,0.312,4.50,1.27,0.241,0.304,3.26,1.45,0.299,0.350
2023,두산,김동주,18,3,6,78.1,4.14,4.27,1.38,17.7,10.5,0.57,0.301,3.76,1.25,0.252,0.321,4.58,1.50,0.257,0.359
2023,두산,김명신,70,3,3,79.0,3.65,3.42,1.25,19.5,8.1,0.34,0.301,2.89,1.21,0.266,0.333,4.46,1.31,0.227,0.308
2023,두산,최원준,26,3,10,107.2,4.93,4.57,1.37,15.3,6.0,0.92,0.322,5.71,1.27,0.276,0.323,4.02,1.45,0.302,0.370
2023,두산,홍건희,64,1,5,61.2,3.06,3.21,1.48,22.4,8.7,0.58,0.348,2.93,1.24,0.233,0.297,3.00,1.73,0.310,0.374
2023,두산,박치국,62,5,3,52.2,3.59,3.49,1.42,20.3,8.9,0.51,0.319,2.65,1.24,0.241,0.308,5.50,1.78,0.288,0.395
2023,두산,김강률,32,1,0,25.2,4.21,4.42,1.36,18.3,10.4,0.70,0.273,4.50,1.08,0.205,0.280,4.05,1.65,0.259,0.355
2023,두산,백승우,6,0,0,4.0,0.00,6.32,1.50,5.6,16.7,0.00,0.231,0.00,0.60,0.200,0.200,0.00,2.14,0.222,0.462
2023,두산,박정수,25,1,0,36.2,4.17,4.21,1.50,17.0,10.9,0.25,0.330,4.05,1.80,0.316,0.426,4.41,1.16,0.207,0.313
2023,두산,최지강,25,2,1,22.0,5.32,5.22,1.64,13.7,19.6,0.00,0.242,5.79,1.71,0.263,0.378,4.97,1.50,0.150,0.345
2023,두산,김민규,6,0,0,8.1,4.32,4.58,1.20,13.5,10.8,0.00,0.240,3.18,0.18,0.059,0.111,7.71,3.86,0.455,0.588
2023,두산,장원준,11,3,5,41.0,5.27,4.53,1.56,13.1,6.0,0.88,0.358,5.51,2.20,0.411,0.463,5.56,1.24,0.271,0.312
2023,두산,정철원,67,7,6,72.2,3.96,4.63,1.35,17.5,10.2,0.99,0.272,3.44,1.34,0.255,0.325,4.33,1.33,0.226,0.316
2023,두산,박신지,15,0,0,26.0,5.54,4.53,1.92,11.6,8.5,0.35,0.384,3.86,1.71,0.339,0.388,6.94,2.23,0.346,0.443
2023,두산,딜런,2,0,1,9.0,8.00,7.66,1.67,4.4,11.1,2.00,0.222,9.00,3.67,0.444,0.524,7.50,0.67,0.091,0.167
2023,두산,김호준,3,0,0,3.0,12.00,10.28,2.33,12.5,25.0,3.00,0.222,15.43,1.71,0.333,0.364,0.00,4.50,0.000,0.600
2023,두산,제환유,1,0,0,2.0,13.50,7.55,3.50,14.3,28.6,0.00,0.375,18.00,3.00,0.333,0.429,9.00,4.00,0.250,0.571
2023,두산,이승진,1,0,0,0.2,0.00,9.40,3.00,16.7,16.7,0.00,0.333,0.00,3.00,0.000,0.500,0.00,3.00,0.500,0.500
2023,두산,이원재,1,0,0,1.0,27.00,13.15,6.00,0.0,33.3,0.00,0.500,40.50,7.50,0.600,0.714,0.00,3.00,0.000,0.500
2023,두산,고봉재,10,0,0,11.1,6.35,4.49,1.68,13.2,13.2,0.00,0.324,7.11,0.95,0.238,0.304,5.79,2.79,0.350,0.464
2023,두산,이병헌,36,0,0,27.0,4.67,4.78,1.74,22.2,17.5,0.67,0.319,4.50,1.50,0.222,0.341,4.24,1.71,0.226,0.385
2023,두산,김정우,7,0,0,6.2,9.45,6.64,2.70,15.8,18.4,1.35,0.417,3.00,1.33,0.182,0.308,14.73,3.82,0.450,0.560
2023,두산,김유성,7,0,0,6.1,9.95,11.11,2.84,15.8,31.6,2.84,0.222,9.82,2.45,0.214,0.429,11.57,3.86,0.333,0.563
2023,두산,이영하,36,5,3,39.1,5.49,4.57,1.55,15.2,11.4,0.46,0.302,4.91,1.36,0.188,0.333,5.75,1.67,0.301,0.370
2023,두산,이형범,23,1,0,27.2,6.51,4.79,1.88,9.7,9.0,0.65,0.366,6.28,1.40,0.278,0.355,7.11,2.53,0.424,0.485
2023,한화,페냐,32,11,11,177.1,3.60,4.06,1.17,19.6,7.9,0.71,0.268,4.20,1.12,0.217,0.288,2.81,1.23,0.236,0.316
2023,한화,문동주,23,8,8,118.2,3.72,3.65,1.31,18.9,8.3,0.46,0.302,3.38,1.14,0.237,0.295,4.04,1.44,0.257,0.335
2023,한화,산체스,24,7,8,126.0,3.79,3.92,1.30,18.3,5.2,0.93,0.316,3.91,1.32,0.279,0.329,3.78,1.30,0.267,0.306
2023,한화,주현상,55,2,2,59.2,1.96,3.25,0.84,19.7,6.6,0.30,0.209,1.36,0.70,0.161,0.208,2.42,0.96,0.169,0.260
2023,한화,이태양,50,3,3,100.1,3.23,3.60,1.21,17.1,5.0,0.63,0.298,3.97,1.37,0.298,0.323,2.75,1.11,0.231,0.284
2023,한화,윤대경,47,5,1,47.2,2.45,5.01,1.15,14.1,9.5,0.76,0.227,2.59,1.23,0.247,0.311,2.49,1.15,0.176,0.322
2023,한화,김기중,37,1,3,56.1,4.63,4.69,1.54,18.2,11.5,0.64,0.338,3.71,1.31,0.258,0.354,5.52,1.70,0.291,0.409
2023,한화,한승주,47,1,4,70.2,3.95,4.45,1.58,17.2,9.7,0.76,0.338,3.05,1.21,0.250,0.304,4.45,2.08,0.325,0.431
2023,한화,장시환,38,2,2,34.2,3.38,4.61,1.53,15.7,13.7,0.26,0.310,3.38,1.45,0.250,0.372,3.07,1.77,0.281,0.406
2023,한화,김규연,23,0,1,19.2,2.75,3.20,1.32,23.5,11.8,0.00,0.308,4.38,1.22,0.244,0.333,0.00,1.36,0.154,0.313
2023,한화,정우람,52,0,1,40.1,5.36,4.34,1.54,16.4,9.3,0.67,0.321,4.50,1.94,0.333,0.413,6.08,1.27,0.233,0.300
2023,한화,이민우,17,2,1,13.2,2.63,4.94,1.02,19.3,10.5,1.32,0.162,2.53,0.84,0.162,0.214,3.00,1.33,0.182,0.308
2023,한화,김범수,76,5,5,62.1,4.19,3.93,1.56,18.4,11.7,0.43,0.321,7.61,2.07,0.305,0.432,2.11,1.25,0.238,0.302
2023,한화,스미스,1,0,0,2.2,6.75,3.14,1.13,16.7,0.0,0.00,0.333,0.00,0.00,0.000,0.250,10.80,1.80,0.375,0.375
2023,한화,류원석,1,0,0,2.0,4.50,4.15,0.50,12.5,0.0,0.00,0.167,0.00,0.00,0.000,0.333,6.75,0.75,0.200,0.200
2023,한화,장민재,25,3,8,69.0,4.83,4.83,1.46,19.8,7.1,1.57,0.328,4.04,1.21,0.269,0.315,5.73,1.76,0.309,0.382
2023,한화,송윤준,4,0,0,4.1,8.31,3.55,1.38,15.8,10.5,0.00,0.286,10.80,1.80,0.333,0.375,6.75,1.13,0.200,0.273
2023,한화,류희운,3,0,0,4.0,11.25,5.87,2.00,20.0,10.0,2.25,0.385,13.50,2.00,0.333,0.400,9.00,1.50,0.250,0.333
2023,한화,윤산흠,5,0,0,3.0,6.00,7.55,3.00,16.7,33.3,0.00,0.375,9.00,0.50,0.167,0.167,0.00,8.00,0.400,0.727
2023,한화,박준영,4,0,0,4.1,18.69,5.53,2.31,30.4,34.8,0.00,0.250,5.40,1.80,0.000,0.375,63.00,4.00,0.400,0.571
2023,한화,장지수,1,0,0,2.0,18.00,6.95,3.00,0.0,18.2,0.00,0.444,27.00,6.00,0.600,0.667,13.50,1.50,0.250,0.400
2023,한화,김재영,6,0,0,8.0,10.13,6.81,1.88,12.5,5.0,2.25,0.379,6.75,1.13,0.286,0.318,16.88,3.38,0.467,0.556
2023,한화,이충호,11,0,0,8.2,9.35,6.72,1.96,17.1,12.2,2.08,0.400,1.80,0.80,0.176,0.263,19.64,3.55,0.529,0.619
2023,한화,박상원,55,5,3,61.2,3.65,3.38,1.49,20.6,10.5,0.29,0.337,2.45,1.39,0.254,0.345,4.82,1.61,0.276,0.354
2023,한화,박윤철,3,0,0,3.1,21.60,14.89,3.00,5.0,25.0,5.40,0.250,32.40,3.60,0.375,0.545,13.50,3.00,0.333,0.500
2023,한화,김서현,20,0,0,22.1,7.25,5.64,2.01,22.8,20.2,0.40,0.375,8.10,1.80,0.257,0.458,7.36,2.36,0.295,0.475
2023,한화,남지민,16,1,7,37.2,6.45,3.80,1.78,12.4,7.0,0.00,0.378,9.18,2.22,0.351,0.433,4.43,1.48,0.325,0.366
2023,한화,한승혁,21,0,3,36.1,6.44,4.95,1.90,15.9,11.9,0.74,0.372,8.20,1.98,0.342,0.409,4.67,1.85,0.309,0.407
2023,한화,김민우,12,1,6,51.2,6.97,4.95,1.80,17.7,11.5,1.05,0.367,5.46,1.36,0.253,0.336,8.61,2.26,0.365,0.446
2023,한화,강재민,43,1,3,43.1,6.44,4.73,1.25,22.2,10.1,1.04,0.263,4.56,0.93,0.188,0.284,8.68,1.61,0.260,0.371
2023,키움,안우진,24,9,7,150.2,2.39,2.33,1.06,27.0,6.3,0.30,0.294,1.59,0.84,0.181,0.221,3.22,1.28,0.252,0.305
2023,키움,후라도,30,11,8,183.2,2.65,3.15,1.12,19.3,5.4,0.34,0.283,2.81,1.06,0.224,0.274,2.43,1.18,0.245,0.292
2023,키움,최원태,17,6,4,102.1,3.25,3.79,1.16,18.5,6.9,0.62,0.280,4.87,1.17,0.262,0.301,2.05,1.18,0.221,0.301
2023,키움,김재웅,67,2,3,59.2,4.22,3.52,1.34,18.4,9.6,0.30,0.307,5.27,1.79,0.274,0.389,3.41,0.88,0.223,0.239
2023,키움,임창민,51,2,2,46.2,2.51,3.60,1.46,19.1,8.1,0.58,0.331,1.96,1.30,0.244,0.320,3.22,1.52,0.308,0.340
2023,키움,정찬헌,14,2,8,72.0,4.75,3.90,1.17,11.9,4.4,0.50,0.282,7.11,1.42,0.325,0.343,2.75,0.92,0.193,0.243
2023,키움,김성진,55,3,3,47.0,3.64,4.74,1.47,18.3,12.0,0.96,0.287,5.01,1.41,0.256,0.337,2.45,1.59,0.244,0.357
2023,키움,요키시,12,5,3,65.2,4.39,3.25,1.46,17.8,4.9,0.41,0.369,4.82,1.85,0.356,0.403,3.62,0.95,0.238,0.257
2023,키움,장재영,23,1,5,71.2,5.53,5.38,1.80,19.8,19.5,0.50,0.307,4.62,1.57,0.252,0.378,6.82,2.09,0.244,0.440
2023,키움,조영건,6,0,0,7.2,0.00,2.38,0.91,25.9,7.4,0.00,0.278,0.00,0.56,0.167,0.167,0.00,1.71,0.286,0.444
2023,키움,윤정현,5,0,0,6.0,1.50,6.12,1.83,7.7,23.1,0.00,0.278,0.00,1.50,0.222,0.417,3.38,2.25,0.273,0.429
2023,키움,이승호,4,0,0,5.0,5.40,8.21,1.80,4.2,16.7,1.80,0.222,8.10,1.50,0.231,0.333,0.00,2.40,0.286,0.444
2023,키움,이명종,45,5,5,57.0,5.21,5.38,1.58,10.0,9.2,0.79,0.314,7.33,2.04,0.362,0.434,3.54,1.21,0.242,0.306
2023,키움,김준형,8,0,0,7.2,7.04,5.86,1.30,13.9,16.7,0.00,0.191,12.46,1.38,0.235,0.381,0.00,1.20,0.000,0.357
2023,키움,양지율,1,0,0,0.2,13.50,10.30,6.00,33.3,50.0,0.00,1.000,0.00,3.00,0.000,0.500,27.00,6.00,0.000,0.667
2023,키움,홍성민,2,0,0,2.0,9.00,10.10,3.00,8.3,8.3,4.50,0.444,0.00,9.00,0.667,0.750,10.80,1.80,0.375,0.375
2023,키움,박승주,18,0,3,18.0,3.50,5.67,1.78,16.5,14.3,1.00,0.293,3.86,2.71,0.364,0.488,2.61,1.16,0.162,0.289
2023,키움,오상원,11,0,0,15.0,6.60,5.16,1.80,9.5,12.2,0.00,0.327,4.50,1.50,0.258,0.361,9.00,2.14,0.323,0.447
2023,키움,김태훈,8,1,0,7.2,5.87,6.12,1.96,10.5,15.8,1.17,0.308,4.15,1.15,0.133,0.278,8.10,2.70,0.400,0.500
2023,키움,문성현,32,2,2,28.1,4.45,5.02,1.62,15.7,14.9,0.64,0.286,3.07,1.09,0.174,0.309,5.93,2.20,0.295,0.419
2023,키움,김건희,3,0,0,2.0,22.50,18.85,4.00,0.0,14.3,9.00,0.400,18.00,4.00,0.500,0.571,36.00,3.00,0.400,0.500
2023,키움,주승우,11,0,1,16.0,9.56,7.80,2.56,8.9,23.3,0.56,0.339,4.50,3.00,0.333,0.526,10.61,2.36,0.297,0.458
2023,키움,원종현,20,1,1,18.2,5.79,4.32,1.55,19.5,5.7,1.45,0.350,5.00,1.78,0.359,0.405,7.00,1.33,0.243,0.293
2023,키움,맥키니,12,1,9,59.1,6.52,6.14,1.63,14.6,13.4,1.52,0.282,7.44,1.59,0.258,0.354,5.92,1.77,0.284,0.393
2023,키움,이영준,2,0,1,1.2,21.60,5.71,3.00,0.0,10.0,0.00,0.444,0.00,3.00,0.500,0.500,27.00,3.00,0.429,0.500
2023,키움,윤석원,21,2,0,24.0,4.50,4.91,1.54,7.3,7.3,0.75,0.307,6.28,1.53,0.305,0.344,2.08,1.73,0.324,0.385
2023,키움,이종민,11,0,1,13.2,7.24,3.61,2.05,13.9,8.3,0.00,0.400,5.40,2.28,0.395,0.444,9.00,1.80,0.292,0.346
2023,키움,김동규,3,0,1,4.0,22.50,13.95,3.75,4.0,36.0,2.25,0.385,31.50,4.00,0.571,0.692,13.50,3.50,0.286,0.583
2023,키움,김동혁,35,1,7,39.1,7.32,4.52,1.75,12.5,9.4,0.23,0.360,6.86,1.58,0.316,0.393,7.45,1.97,0.313,0.408
2023,키움,변시원,4,0,0,2.1,42.43,14.78,4.29,10.5,21.1,3.86,0.500,81.00,6.00,0.333,0.714,27.00,3.00,0.444,0.545
2023,키움,하영민,57,3,1,52.1,4.64,3.86,1.76,20.6,10.1,0.69,0.387,2.79,1.28,0.252,0.301,7.25,2.46,0.384,0.470
2023,키움,양현,54,0,5,57.0,5.05,5.28,1.82,6.1,8.0,0.79,0.359,5.40,2.49,0.447,0.475,5.06,1.38,0.276,0.333
2023,키움,김선기,17,1,3,43.2,5.98,3.87,1.63,14.5,7.5,0.41,0.358,4.44,1.37,0.284,0.333,8.82,2.14,0.355,0.417
2023,KIA,양현종,29,9,11,171.0,3.58,3.70,1.34,18.2,6.6,0.68,0.322,3.00,1.58,0.309,0.357,4.26,1.07,0.226,0.275
2023,KIA,이의리,28,11,7,131.2,3.96,3.63,1.49,26.1,15.6,0.27,0.300,3.72,1.45,0.209,0.333,3.83,1.55,0.218,0.362
2023,KIA,윤영철,25,8,7,122.2,4.04,4.55,1.40,14.0,9.1,0.73,0.291,4.07,1.42,0.241,0.332,4.02,1.42,0.293,0.330
2023,KIA,임기영,64,4,4,82.0,2.96,3.93,0.91,17.6,5.9,0.66,0.216,3.33,0.92,0.207,0.264,2.56,0.92,0.173,0.240
2023,KIA,파노니,16,6,3,82.1,4.26,3.65,1.32,18.8,6.6,0.66,0.320,3.42,1.27,0.247,0.318,5.73,1.39,0.298,0.322
2023,KIA,전상현,64,8,3,58.2,2.15,3.30,1.30,20.0,10.4,0.15,0.295,1.59,0.96,0.221,0.265,3.06,2.09,0.257,0.402
2023,KIA,앤더슨,14,4,7,79.0,3.76,3.83,1.29,19.0,7.7,0.68,0.298,3.12,1.07,0.231,0.268,4.26,1.47,0.267,0.344
2023,KIA,정해영,52,3,4,49.1,2.92,4.25,1.48,13.8,9.2,0.55,0.317,3.05,1.74,0.322,0.385,2.93,1.30,0.238,0.319
2023,KIA,이준영,64,1,0,33.2,3.21,3.74,1.46,20.1,15.4,0.00,0.277,4.91,1.91,0.310,0.412,2.73,1.25,0.172,0.310
2023,KIA,최지민,58,6,3,59.1,2.12,4.31,1.20,18.0,10.7,0.61,0.250,2.51,1.26,0.220,0.328,1.82,1.18,0.219,0.300
2023,KIA,장현식,56,2,2,51.0,4.06,4.67,1.65,19.5,11.5,1.06,0.351,5.28,1.72,0.288,0.389,2.70,1.70,0.325,0.382
2023,KIA,윤중현,31,2,1,28.0,3.86,5.09,1.39,7.0,8.7,0.64,0.294,2.29,1.37,0.282,0.350,7.56,1.44,0.300,0.364
2023,KIA,김승현,10,0,0,12.2,4.26,6.10,1.66,12.3,17.5,0.71,0.270,4.32,1.56,0.241,0.389,4.15,1.85,0.250,0.400
2023,KIA,산체스,12,4,4,63.2,5.94,3.77,1.48,20.7,5.3,0.99,0.362,5.01,1.48,0.295,0.340,7.28,1.55,0.317,0.362
2023,KIA,박준표,33,1,0,28.0,4.50,4.96,1.32,11.0,7.6,0.96,0.272,3.15,1.15,0.230,0.288,7.88,1.63,0.324,0.361
2023,KIA,메디나,12,2,6,58.0,6.05,5.56,1.60,13.4,10.8,0.93,0.312,8.44,1.43,0.287,0.373,4.20,1.83,0.289,0.403
2023,KIA,김대유,41,0,2,24.2,5.11,4.42,1.38,18.2,7.3,0.73,0.333,1.35,0.60,0.136,0.208,6.50,1.61,0.314,0.410
2023,KIA,유승철,1,0,0,1.0,0.00,6.95,1.00,0.0,25.0,0.00,0.000,,99.99,,1.000,0.00,0.00,0.000,0.000
2023,KIA,김건국,6,0,1,16.0,6.75,3.41,1.38,12.9,5.7,0.00,0.327,4.26,0.95,0.182,0.280,8.38,1.66,0.341,0.364
2023,KIA,황동하,13,0,3,31.1,6.61,6.41,1.79,12.8,14.1,1.44,0.300,6.32,1.66,0.263,0.377,7.04,1.89,0.308,0.400
2023,KIA,곽도규,14,0,0,11.2,8.49,4.04,2.06,23.0,16.4,0.00,0.452,8.53,1.89,0.333,0.419,8.44,2.25,0.278,0.500
2023,KIA,김유신,27,0,1,30.1,5.64,5.89,1.75,8.5,13.5,0.59,0.308,8.49,2.31,0.333,0.475,3.86,1.39,0.269,0.342
2023,KIA,김기훈,29,2,0,31.1,4.60,5.53,2.07,16.7,23.7,0.00,0.308,5.51,1.71,0.200,0.397,3.68,2.52,0.288,0.457
2023,KIA,김재열,9,0,0,11.2,13.11,7.42,2.83,12.9,18.6,1.54,0.391,10.57,2.74,0.371,0.467,18.00,3.00,0.350,0.480
2023,NC,페디,30,20,6,180.1,2.00,2.22,0.95,29.5,4.9,0.45,0.287,2.12,1.01,0.212,0.264,1.78,0.88,0.199,0.233
2023,NC,류진욱,70,1,4,67.0,2.15,3.24,1.09,23.1,11.9,0.13,0.238,3.02,1.07,0.200,0.285,0.41,1.14,0.143,0.275
2023,NC,신민혁,29,5,5,122.0,3.98,4.01,1.20,18.7,4.8,1.03,0.290,3.14,1.02,0.227,0.275,4.84,1.42,0.285,0.322
2023,NC,태너,11,5,2,64.2,2.92,3.81,1.10,17.7,4.9,0.84,0.269,1.91,1.04,0.221,0.268,4.15,1.23,0.262,0.296
2023,NC,구창모,11,1,3,51.2,2.96,3.02,1.05,27.3,7.8,0.70,0.264,4.08,1.01,0.217,0.257,1.57,1.09,0.185,0.272
2023,NC,김영규,63,2,4,61.2,3.06,3.50,1.10,19.4,9.3,0.29,0.252,2.59,1.32,0.216,0.317,3.44,0.98,0.200,0.261
2023,NC,이재학,15,5,5,67.1,4.54,5.06,1.31,14.7,11.3,0.80,0.244,3.95,1.65,0.257,0.376,5.03,1.09,0.200,0.286
2023,NC,이용찬,60,4,4,61.0,4.13,3.80,1.18,20.1,7.5,0.74,0.279,5.91,1.38,0.280,0.341,2.22,0.99,0.178,0.252
2023,NC,최성영,18,5,4,66.2,4.86,5.22,1.64,12.5,10.6,0.81,0.330,5.97,1.90,0.326,0.416,3.77,1.32,0.287,0.346
2023,NC,송명기,35,4,9,104.1,4.83,5.38,1.47,13.7,9.9,1.04,0.282,6.85,1.75,0.309,0.393,3.41,1.28,0.218,0.317
2023,NC,와이드너,11,4,2,61.2,4.52,3.62,1.20,22.0,8.9,0.58,0.277,5.01,1.18,0.225,0.295,4.08,1.22,0.215,0.303
2023,NC,이용준,24,3,4,67.0,4.30,5.00,1.55,16.4,14.5,0.67,0.274,3.57,1.50,0.217,0.346,5.28,1.60,0.269,0.355
2023,NC,김진호,19,2,1,16.1,2.76,2.57,1.53,30.1,13.7,0.00,0.375,3.86,1.71,0.270,0.386,1.29,1.29,0.200,0.310
2023,NC,임정호,65,4,4,50.0,4.68,3.42,1.36,22.7,7.9,0.54,0.340,5.40,1.53,0.296,0.367,4.35,1.26,0.244,0.318
2023,NC,하준영,57,1,0,49.0,4.59,3.65,1.45,22.8,8.8,0.74,0.345,7.41,1.76,0.296,0.383,3.13,1.26,0.256,0.315
2023,NC,조민석,35,1,0,31.0,4.06,4.06,1.52,20.4,10.2,0.58,0.356,3.86,1.96,0.317,0.442,4.50,0.93,0.224,0.264
2023,NC,심창민,5,0,1,3.1,2.70,5.68,2.10,27.8,27.8,0.00,0.286,4.50,2.50,0.167,0.500,0.00,1.50,0.167,0.375
2023,NC,전사민,9,0,2,17.0,4.76,6.58,1.82,7.4,17.3,0.53,0.302,2.35,1.17,0.182,0.379,6.75,2.25,0.333,0.457
2023,NC,김태현,16,1,0,20.1,4.43,6.60,1.48,15.6,14.4,1.77,0.224,6.30,1.80,0.244,0.380,2.70,1.20,0.206,0.308
2023,NC,김시훈,61,4,3,52.2,4.44,4.26,1.73,20.0,13.9,0.51,0.351,4.89,1.60,0.269,0.368,3.63,2.02,0.300,0.412
2023,NC,하준수,1,0,0,1.0,0.00,7.55,2.00,20.0,40.0,0.00,0.000,,99.99,,1.000,0.00,1.00,0.000,0.250
2023,NC,이우석,1,0,0,0.2,0.00,8.50,1.50,0.0,50.0,0.00,0.000,0.00,0.00,0.000,0.000,,99.99,,1.000
2023,NC,한재승,11,0,1,9.2,4.66,5.33,1.45,22.7,11.4,1.86,0.259,4.26,1.42,0.208,0.321,6.00,1.67,0.286,0.333
2023,NC,이준호,17,3,2,31.2,4.83,5.34,1.48,13.2,10.4,0.85,0.282,7.04,1.89,0.333,0.416,2.76,1.10,0.175,0.284
2023,NC,임지민,2,0,0,1.1,13.50,7.52,4.50,30.0,40.0,0.00,0.667,0.00,9.00,0.500,0.750,9.00,2.00,0.250,0.400
2023,NC,채지선,2,0,0,2.2,10.13,6.62,3.00,12.5,25.0,0.00,0.400,13.50,3.00,0.444,0.500,0.00,3.00,0.000,0.500
2023,NC,정구범,4,0,1,12.2,7.82,8.42,2.21,9.4,18.8,2.13,0.302,12.86,2.71,0.375,0.487,1.59,1.59,0.200,0.360
2023,NC,배민서,6,0,0,6.2,6.75,3.74,1.80,11.8,5.9,0.00,0.370,9.82,1.36,0.313,0.353,3.00,2.33,0.357,0.412
2024,LG,임찬규,25,10,6,134.0,3.83,3.86,1.39,23.6,7.3,0.81,0.348,4.33,1.48,0.296,0.357,3.39,1.30,0.262,0.311
2024,LG,손주영,28,9,10,144.2,3.79,4.62,1.46,17.6,8.5,0.68,0.329,4.12,1.46,0.272,0.351,3.20,1.42,0.297,0.347
2024,LG,엔스,30,13,6,167.2,4.19,4.10,1.31,22.0,7.0,0.86,0.321,4.13,1.36,0.260,0.333,3.52,1.16,0.257,0.292
2024,LG,최원태,24,9,7,126.2,4.26,4.70,1.44,18.6,10.3,0.71,0.309,5.35,1.26,0.259,0.318,3.21,1.55,0.264,0.355
2024,LG,켈리,19,5,8,113.2,4.51,4.95,1.37,13.9,5.1,1.03,0.313,4.91,1.29,0.280,0.325,3.33,1.43,0.294,0.329
2024,LG,에르난데스,11,3,2,47.0,4.02,3.80,1.21,28.2,8.2,0.96,0.308,4.38,0.81,0.183,0.244,3.54,1.62,0.279,0.347
2024,LG,김진성,71,3,3,70.1,3.97,5.24,1.21,20.7,7.8,1.41,0.270,3.57,1.16,0.237,0.310,4.60,1.24,0.252,0.323
2024,LG,유영찬,62,7,5,63.2,2.97,3.14,1.43,26.9,10.5,0.28,0.343,2.56,1.17,0.215,0.290,2.45,1.60,0.270,0.359
2024,LG,김유영,53,1,2,47.2,3.78,3.87,1.38,19.8,7.5,0.38,0.331,4.12,1.17,0.203,0.277,2.39,1.37,0.290,0.354
2024,LG,이상영,8,0,1,16.1,3.31,6.09,1.41,10.7,10.7,0.55,0.259,1.13,1.13,0.233,0.314,6.14,1.77,0.286,0.429
2024,LG,이종준,27,1,2,26.0,4.15,5.34,1.62,23.5,13.4,1.39,0.314,4.11,1.30,0.232,0.317,2.70,1.80,0.244,0.367
2024,LG,함덕주,15,0,1,11.2,5.40,6.75,1.71,14.8,13.0,1.54,0.333,4.50,1.17,0.222,0.364,7.71,2.36,0.350,0.458
2024,LG,우강훈,13,1,0,11.2,2.31,5.11,1.46,18.5,11.1,0.00,0.333,1.35,1.20,0.208,0.406,3.60,1.60,0.278,0.381
2024,LG,임준형,18,0,0,13.2,6.59,5.23,1.46,21.0,6.5,1.32,0.359,9.64,1.71,0.278,0.391,5.40,0.96,0.241,0.313
2024,LG,진우영,6,0,0,7.2,4.70,5.50,1.57,17.1,11.4,1.17,0.292,5.40,1.20,0.250,0.286,4.50,1.75,0.250,0.368
2024,LG,윤호솔,7,0,0,4.1,4.15,7.25,2.77,20.8,33.3,0.00,0.364,0.00,3.50,0.333,0.538,9.00,2.00,0.143,0.400
2024,LG,성동현,2,0,0,2.0,0.00,7.78,1.50,12.5,37.5,0.00,0.000,0.00,1.00,0.000,0.250,0.00,1.00,0.000,0.333
2024,LG,김진수,7,0,1,13.1,6.75,6.74,1.58,10.3,6.9,2.03,0.311,9.00,1.43,0.269,0.345,1.69,1.88,0.375,0.400
2024,LG,김대현,37,2,0,35.0,5.40,5.96,1.46,19.4,11.6,1.54,0.273,6.50,2.11,0.312,0.424,4.20,0.73,0.146,0.204
2024,LG,정우영,27,2,1,22.2,4.76,4.76,1.85,15.7,10.2,0.00,0.425,5.52,1.30,0.260,0.383,3.38,2.75,0.436,0.522
2024,LG,이지강,46,2,3,53.2,4.53,5.19,1.62,15.6,10.4,0.84,0.316,4.60,1.60,0.267,0.350,4.37,1.59,0.284,0.363
2024,LG,강효종,1,0,0,1.1,20.25,16.61,3.75,22.2,33.3,6.75,0.333,27.00,3.00,0.333,0.500,27.00,9.00,0.500,0.750
2024,LG,김윤식,1,0,0,3.0,12.00,4.46,2.67,5.9,5.9,0.00,0.467,15.43,2.57,0.455,0.500,0.00,3.00,0.400,0.400
2024,LG,최동환,26,0,1,22.0,6.95,6.11,2.00,13.3,8.6,1.64,0.397,8.71,2.23,0.408,0.442,6.30,1.80,0.333,0.391
2024,LG,이믿음,1,0,1,4.0,15.75,6.18,3.75,7.4,14.8,0.00,0.524,9.00,3.00,0.500,0.500,18.00,4.00,0.471,0.571
2024,LG,김영준,14,1,1,15.1,8.22,5.66,1.96,14.5,11.8,1.17,0.359,15.63,2.68,0.394,0.459,3.24,1.56,0.267,0.371
2024,LG,박명근,33,2,2,25.1,6.39,7.66,1.62,10.8,10.0,2.13,0.274,7.88,1.44,0.254,0.342,3.52,2.22,0.375,0.462
2024,LG,정지헌,17,0,0,12.1,11.68,7.56,2.43,15.9,15.9,1.46,0.405,8.64,1.92,0.313,0.452,17.18,3.27,0.368,0.500
2024,LG,백승현,36,2,1,26.2,9.11,7.02,2.06,10.4,16.3,1.01,0.330,9.92,1.65,0.250,0.384,8.38,2.59,0.378,0.481
2024,LG,이우찬,42,3,2,33.2,8.82,5.58,2.14,18.0,17.4,0.54,0.374,12.23,1.92,0.288,0.420,5.40,2.40,0.314,0.435
2024,삼성,코너,28,11,6,160.0,3.43,4.50,1.09,23.8,6.0,1.18,0.270,2.81,0.92,0.199,0.270,3.77,1.27,0.250,0.315
2024,삼성,원태인,28,15,6,159.2,3.66,4.62,1.20,17.8,6.3,0.96,0.278,3.52,1.11,0.236,0.291,3.67,1.18,0.238,0.289
2024,삼성,레예스,26,11,4,144.0,3.81,4.31,1.31,18.5,4.9,0.94,0.323,4.15,1.40,0.283,0.338,3.78,1.25,0.276,0.309
2024,삼성,임창민,60,2,1,54.1,3.98,4.57,1.66,19.8,11.9,0.66,0.339,3.58,1.34,0.238,0.328,4.13,2.13,0.327,0.418
2024,삼성,최지광,35,3,2,36.1,2.23,4.06,1.18,24.7,13.6,0.25,0.236,2.04,1.02,0.188,0.278,2.76,1.41,0.182,0.342
2024,삼성,김재윤,65,4,8,66.0,4.09,5.76,1.26,18.0,8.8,1.77,0.238,3.90,1.02,0.202,0.254,3.98,1.33,0.242,0.319
2024,삼성,김태훈,56,3,2,52.1,3.96,5.23,1.30,16.4,8.4,1.03,0.270,3.16,1.09,0.189,0.298,5.04,1.48,0.292,0.336
2024,삼성,황동재,15,1,2,42.0,4.07,4.69,1.33,16.7,10.0,0.43,0.290,4.09,1.23,0.253,0.304,4.86,1.62,0.267,0.400
2024,삼성,백정현,17,6,5,78.2,5.95,5.52,1.67,15.6,7.5,1.49,0.350,6.86,1.67,0.293,0.367,4.15,1.38,0.306,0.336
2024,삼성,이상민,37,2,1,30.0,3.90,5.09,1.23,9.9,5.0,0.60,0.302,3.00,1.33,0.349,0.364,5.06,1.19,0.250,0.338
2024,삼성,송은범,9,0,0,8.1,1.08,4.02,1.08,6.3,3.1,0.00,0.276,2.25,1.75,0.368,0.368,0.00,0.55,0.100,0.182
2024,삼성,최하늘,27,1,1,32.0,5.34,5.57,1.31,12.9,11.5,0.56,0.250,3.15,1.25,0.243,0.321,5.23,1.45,0.194,0.370
2024,삼성,김대우,32,0,0,34.1,5.50,4.88,1.49,14.6,5.7,1.05,0.325,3.05,1.40,0.282,0.333,9.49,1.46,0.286,0.345
2024,삼성,육선엽,11,0,0,17.0,5.29,8.29,2.12,12.6,19.5,1.59,0.296,3.72,1.55,0.200,0.356,4.26,2.53,0.346,0.500
2024,삼성,홍원표,4,0,0,6.1,4.26,7.17,1.58,17.9,21.4,1.42,0.188,2.25,1.25,0.214,0.313,5.40,3.00,0.200,0.500
2024,삼성,최성훈,28,0,1,13.0,6.92,5.44,1.77,16.4,14.8,0.69,0.325,27.00,4.50,0.400,0.667,4.63,1.29,0.244,0.320
2024,삼성,양현,18,0,1,13.0,7.62,7.45,2.00,15.6,7.8,2.77,0.395,7.45,1.55,0.325,0.357,9.00,3.33,0.533,0.579
2024,삼성,오승환,58,3,9,55.0,4.91,5.38,1.69,16.0,6.9,1.47,0.355,3.14,1.67,0.308,0.371,6.20,1.54,0.318,0.351
2024,삼성,최채흥,14,0,0,20.0,6.30,6.78,1.80,14.6,12.5,1.80,0.313,4.00,1.33,0.206,0.308,10.00,2.67,0.415,0.480
2024,삼성,이호성,16,2,4,45.0,7.40,7.05,2.04,12.5,11.6,1.80,0.365,9.86,2.14,0.370,0.425,4.50,1.77,0.301,0.400
2024,삼성,장필준,1,0,0,0.1,99.99,4.23,15.00,0.0,0.0,0.00,0.833,99.99,6.00,0.667,0.667,99.99,99.99,1.000,1.000
2024,삼성,홍정우,1,0,0,1.0,45.00,16.83,6.00,11.1,11.1,9.00,0.667,40.50,3.00,0.667,0.500,54.00,12.00,0.750,0.800
2024,삼성,김대호,1,0,1,4.0,11.25,8.18,2.25,4.5,9.1,2.25,0.333,12.00,2.67,0.400,0.471,9.00,1.00,0.200,0.200
2024,삼성,김윤수,4,0,0,5.1,10.13,7.49,2.44,7.7,26.9,0.00,0.375,6.75,2.25,0.429,0.500,13.50,2.63,0.333,0.538
2024,삼성,이승민,25,1,4,47.1,8.56,8.50,2.05,9.7,11.0,2.66,0.333,12.23,2.11,0.358,0.421,5.76,1.96,0.327,0.419
2024,삼성,이재익,9,1,0,9.2,17.69,6.47,3.41,10.3,6.9,1.86,0.587,13.50,3.50,0.600,0.636,23.40,3.60,0.516,0.545
2024,SSG,엘리아스,22,7,7,123.2,4.08,4.31,1.26,19.8,5.7,0.95,0.313,3.72,1.22,0.257,0.319,4.44,1.24,0.263,0.296
2024,SSG,앤더슨,24,11,3,115.2,3.89,3.64,1.31,31.9,10.7,0.86,0.330,4.23,1.12,0.205,0.293,3.81,1.43,0.248,0.337
2024,SSG,김광현,31,12,10,162.1,4.93,5.18,1.45,21.7,10.3,1.33,0.309,4.26,1.34,0.260,0.324,6.17,1.66,0.259,0.375
2024,SSG,노경은,77,8,5,83.2,2.90,4.76,1.23,20.3,9.1,1.08,0.265,4.19,1.09,0.234,0.288,1.77,1.38,0.238,0.329
2024,SSG,오원석,29,6,9,121.2,5.03,5.62,1.54,20.4,11.8,1.26,0.308,4.62,1.57,0.259,0.370,5.24,1.47,0.263,0.358
2024,SSG,조병현,76,4,6,73.0,3.58,3.61,1.14,31.8,10.3,0.99,0.270,3.50,1.17,0.237,0.297,4.01,0.95,0.165,0.239
2024,SSG,문승원,62,6,1,60.0,4.50,5.23,1.52,20.0,9.1,1.50,0.324,4.40,1.60,0.306,0.360,3.33,1.44,0.252,0.333
2024,SSG,송영진,26,5,10,99.1,5.80,5.42,1.64,14.7,11.2,0.91,0.317,6.55,1.80,0.303,0.385,5.50,1.53,0.267,0.348
2024,SSG,한두솔,69,2,1,59.1,5.01,3.69,1.57,24.9,11.4,0.46,0.360,4.50,1.33,0.266,0.333,4.86,1.71,0.266,0.373
2024,SSG,시라카와,5,2,2,23.0,5.09,4.24,1.65,25.5,8.5,1.17,0.400,3.55,1.11,0.240,0.283,5.40,2.00,0.341,0.426
2024,SSG,이기순,10,1,1,19.2,3.66,6.30,1.78,25.5,24.5,0.92,0.233,7.71,1.86,0.192,0.400,0.82,1.64,0.162,0.367
2024,SSG,이로운,62,1,3,56.0,5.95,5.77,1.96,14.8,15.5,0.64,0.344,6.98,2.02,0.310,0.429,4.91,1.79,0.282,0.380
2024,SSG,박종훈,10,1,4,35.0,6.94,6.83,1.66,20.7,12.8,1.80,0.319,11.05,2.05,0.306,0.413,4.76,1.41,0.258,0.387
2024,SSG,박민호,19,2,0,22.2,4.76,6.36,1.41,10.2,7.1,1.59,0.280,2.63,0.95,0.250,0.288,8.22,2.35,0.371,0.450
2024,SSG,박시후,11,0,0,14.2,6.75,5.13,1.70,15.7,10.0,0.61,0.347,16.20,2.80,0.391,0.500,1.93,0.96,0.200,0.282
2024,SSG,박성빈,3,0,0,2.1,0.00,3.46,0.43,22.2,0.0,0.00,0.167,0.00,0.00,0.000,0.167,0.00,1.50,0.333,0.333
2024,SSG,정동윤,3,0,0,1.2,0.00,3.15,1.20,28.6,14.3,0.00,0.250,0.00,0.75,0.200,0.200,0.00,3.00,0.000,0.500
2024,SSG,김택형,6,0,1,7.0,9.00,8.77,2.29,2.7,16.2,1.29,0.321,6.75,2.63,0.300,0.500,11.25,2.00,0.333,0.429
2024,SSG,장지훈,18,0,0,21.1,6.75,6.38,1.83,9.9,9.9,1.27,0.342,5.23,2.32,0.375,0.444,8.38,1.45,0.278,0.357
2024,SSG,백승건,10,0,0,9.1,7.71,8.53,2.36,9.8,17.6,1.93,0.314,9.64,2.57,0.364,0.462,7.36,2.73,0.313,0.455
2024,SSG,최현석,2,0,0,0.2,54.00,32.73,12.00,10.0,30.0,13.50,0.800,27.00,6.00,0.600,0.667,99.99,99.99,1.000,1.000
2024,SSG,고효준,26,2,1,22.0,8.18,6.38,1.95,24.8,18.3,1.64,0.339,11.70,2.30,0.310,0.444,2.38,1.41,0.205,0.333
2024,SSG,신헌민,3,0,0,3.0,18.00,16.43,3.33,0.0,16.7,6.00,0.417,13.50,3.00,0.444,0.583,27.00,4.00,0.750,0.667
2024,SSG,김주온,2,0,0,4.2,15.43,9.25,2.36,16.0,12.0,3.86,0.375,3.86,2.14,0.364,0.417,27.00,2.50,0.444,0.455
2024,SSG,서진용,51,0,1,47.0,5.55,5.18,1.66,18.0,12.3,0.96,0.343,5.84,1.70,0.276,0.396,6.16,1.74,0.329,0.375
2024,SSG,이건욱,10,1,2,19.0,11.37,7.99,2.58,16.0,14.2,2.37,0.433,10.64,2.09,0.348,0.446,16.50,3.83,0.486,0.561
2024,SSG,최민준,32,1,0,39.1,7.78,6.53,2.16,19.8,11.9,2.06,0.419,11.32,2.18,0.352,0.438,4.32,2.16,0.360,0.442
2024,SSG,더거,6,0,3,22.2,12.71,5.13,2.07,15.5,8.6,0.79,0.422,16.88,2.25,0.423,0.474,9.58,1.84,0.302,0.380
2024,롯데,윌커슨,32,12,8,196.2,3.84,3.67,1.21,20.5,3.3,0.82,0.321,4.58,1.34,0.294,0.315,2.93,1.08,0.247,0.273
2024,롯데,반즈,25,9,6,150.2,3.35,3.90,1.23,27.4,7.4,1.08,0.322,3.59,1.16,0.236,0.299,3.10,1.36,0.268,0.323
2024,롯데,박세웅,30,6,11,173.1,4.78,4.57,1.41,16.3,7.4,0.68,0.317,6.25,1.48,0.286,0.348,3.53,1.29,0.256,0.315
2024,롯데,김원중,56,3,6,63.1,3.55,3.71,1.42,24.5,11.2,0.57,0.324,4.45,1.55,0.265,0.358,2.97,1.29,0.239,0.305
2024,롯데,김진욱,19,4,3,84.2,5.31,5.27,1.57,22.4,11.3,1.38,0.319,7.14,1.82,0.303,0.388,3.18,1.38,0.223,0.322
2024,롯데,한현희,57,5,3,76.1,5.19,4.46,1.52,20.5,7.0,0.83,0.371,4.87,1.42,0.295,0.347,5.70,1.63,0.305,0.396
2024,롯데,박진,38,2,4,49.1,4.38,4.27,1.44,16.4,5.1,0.73,0.352,2.48,1.14,0.257,0.302,6.86,1.73,0.361,0.382
2024,롯데,김상수,74,8,4,73.2,4.15,4.40,1.32,17.4,8.1,0.61,0.297,3.73,1.20,0.233,0.316,4.45,1.42,0.275,0.326
2024,롯데,정현수,18,1,1,23.2,4.56,3.48,1.35,24.0,11.5,0.00,0.328,4.50,1.13,0.250,0.323,3.52,1.37,0.218,0.333
2024,롯데,김강현,26,0,0,25.1,3.55,5.20,1.82,19.5,14.6,0.71,0.342,5.23,2.52,0.318,0.483,1.93,1.21,0.255,0.293
2024,롯데,전미르,36,1,5,33.2,5.88,5.12,1.60,21.9,13.5,1.07,0.315,5.00,1.50,0.250,0.354,7.36,1.50,0.250,0.338
2024,롯데,박진형,7,0,0,6.1,4.26,3.66,1.11,16.7,4.2,0.00,0.353,0.00,1.25,0.308,0.357,11.57,0.86,0.250,0.333
2024,롯데,최준용,27,1,2,21.2,5.40,6.01,1.94,11.4,13.3,0.83,0.351,2.63,1.46,0.245,0.351,11.57,3.00,0.441,0.524
2024,롯데,구승민,66,5,3,57.2,4.84,5.00,1.79,22.2,12.5,0.94,0.371,4.41,1.38,0.240,0.347,6.04,2.33,0.350,0.445
2024,롯데,임준섭,24,0,0,11.1,7.94,7.52,2.03,5.4,19.6,0.00,0.308,5.40,1.80,0.200,0.429,8.68,2.14,0.306,0.479
2024,롯데,이민석,18,0,2,31.0,7.26,6.56,2.03,13.1,16.3,0.87,0.340,6.62,1.75,0.286,0.390,7.82,2.37,0.308,0.455
2024,롯데,진승현,7,0,1,6.1,8.53,4.78,1.89,15.6,15.6,0.00,0.318,13.50,2.40,0.200,0.400,3.38,1.50,0.364,0.364
2024,롯데,정우준,8,0,0,8.1,4.32,8.28,2.04,12.5,17.5,2.16,0.308,3.86,2.36,0.350,0.458,4.91,1.64,0.231,0.375
2024,롯데,박준우,2,0,0,2.0,9.00,4.58,2.00,10.0,10.0,0.00,0.375,0.00,3.00,0.333,0.500,13.50,1.50,0.333,0.333
2024,롯데,김도규,5,0,1,4.0,9.00,7.51,2.75,20.0,24.0,0.00,0.417,9.00,5.00,0.250,0.667,9.00,2.00,0.364,0.438
2024,롯데,홍민기,3,0,0,3.2,12.27,5.49,2.45,8.3,4.2,0.00,0.421,0.00,6.00,0.400,0.571,8.10,1.80,0.333,0.375
2024,롯데,윤성빈,1,0,1,1.0,45.00,20.03,6.00,11.1,22.2,9.00,0.600,99.99,99.99,1.000,1.000,9.00,2.00,0.250,0.400
2024,롯데,진해수,54,2,1,27.2,6.18,5.90,1.66,17.2,7.8,1.63,0.352,11.57,4.29,0.600,0.625,5.92,1.48,0.281,0.352
2024,롯데,현도훈,8,0,1,10.0,9.00,6.53,2.10,16.0,12.0,1.80,0.382,5.06,1.50,0.250,0.348,13.50,2.57,0.391,0.462
2024,롯데,이인복,8,0,3,33.0,9.55,7.87,1.88,12.6,8.2,2.73,0.348,10.26,1.56,0.338,0.355,9.19,2.30,0.391,0.475
2024,롯데,송재영,19,0,1,8.1,10.80,6.69,1.68,22.5,12.5,2.16,0.333,16.20,0.60,0.200,0.200,9.45,1.80,0.280,0.387
2024,롯데,나균안,26,4,7,73.0,8.51,6.42,2.21,19.5,12.4,1.85,0.420,8.31,2.57,0.379,0.482,7.20,1.77,0.313,0.378
2024,롯데,최이준,23,3,0,24.2,7.30,6.16,2.27,13.5,12.7,1.10,0.425,6.00,1.67,0.362,0.406,10.00,3.33,0.419,0.526
2024,KT,쿠에바스,31,7,12,173.1,4.10,4.32,1.25,20.9,8.0,0.88,0.285,3.78,1.03,0.214,0.275,4.57,1.49,0.264,0.335
2024,KT,엄상백,29,13,10,156.2,4.88,4.67,1.31,23.6,6.2,1.49,0.317,4.91,1.23,0.269,0.301,4.81,1.38,0.269,0.334
2024,KT,벤자민,28,11,8,149.2,4.63,4.94,1.26,24.4,7.5,1.68,0.285,4.38,1.28,0.253,0.309,4.55,1.23,0.226,0.299
2024,KT,박영현,66,10,2,76.2,3.52,4.13,1.11,28.1,7.1,1.41,0.271,3.71,1.15,0.220,0.281,3.57,1.02,0.215,0.259
2024,KT,김민,71,8,4,77.1,4.31,3.67,1.44,22.9,8.0,0.58,0.358,4.50,1.31,0.255,0.320,4.50,1.58,0.294,0.357
2024,KT,고영표,18,6,8,100.0,4.95,3.77,1.55,17.3,3.1,0.54,0.394,4.73,1.34,0.297,0.340,4.13,1.57,0.336,0.366
2024,KT,우규민,45,4,1,43.1,2.49,2.55,1.13,21.5,1.1,0.21,0.338,3.51,1.05,0.260,0.264,0.56,1.38,0.308,0.333
2024,KT,육청명,13,1,5,44.2,5.44,6.50,1.61,9.6,9.6,1.21,0.299,7.78,1.88,0.352,0.406,3.18,1.50,0.250,0.367
2024,KT,김민수,75,5,3,81.1,5.20,4.36,1.44,20.9,9.2,0.89,0.319,4.35,1.21,0.219,0.293,5.97,1.67,0.301,0.371
2024,KT,조이현,16,1,2,40.0,6.30,6.52,1.58,10.3,5.4,2.03,0.308,7.64,1.25,0.261,0.293,5.40,1.75,0.337,0.382
2024,KT,소형준,6,2,0,8.1,3.24,5.53,0.96,10.0,3.3,1.08,0.250,2.08,0.69,0.231,0.286,4.91,1.36,0.286,0.333
2024,KT,박시영,26,0,1,25.1,4.62,4.73,1.34,20.9,6.4,1.42,0.315,5.74,1.28,0.262,0.318,3.00,1.33,0.257,0.316
2024,KT,손동현,42,1,2,47.1,5.32,5.41,1.48,12.6,9.3,0.95,0.285,4.74,1.62,0.313,0.364,5.32,1.14,0.193,0.277
2024,KT,이선우,6,0,0,10.0,5.40,5.15,1.40,8.9,8.9,0.00,0.286,3.60,0.80,0.211,0.211,7.71,2.14,0.333,0.480
2024,KT,김영현,8,0,0,7.1,4.91,6.62,2.18,20.5,17.9,1.23,0.364,1.93,1.50,0.263,0.364,10.13,3.38,0.333,0.529
2024,KT,하준호,2,0,0,2.0,9.00,5.83,3.00,0.0,9.1,0.00,0.500,54.00,9.00,0.750,0.750,0.00,1.80,0.333,0.429
2024,KT,이상동,29,0,1,32.0,5.34,4.70,1.75,19.7,9.2,0.84,0.386,4.20,1.87,0.306,0.419,6.89,1.60,0.339,0.357
2024,KT,원상현,22,2,5,65.1,7.03,4.68,2.08,18.2,9.6,0.83,0.440,7.67,2.12,0.360,0.430,5.83,2.08,0.369,0.425
2024,KT,박세진,6,0,0,5.1,3.38,5.69,2.06,8.0,16.0,0.00,0.368,27.00,9.00,0.500,0.667,0.00,1.15,0.286,0.333
2024,KT,이채호,9,0,0,6.2,9.45,7.85,2.40,13.5,8.1,2.70,0.423,5.06,1.50,0.348,0.360,27.00,6.00,0.556,0.667
2024,KT,성재헌,30,0,0,32.0,7.31,4.94,1.94,12.6,10.1,0.28,0.395,7.20,2.00,0.341,0.429,6.75,1.83,0.349,0.422
2024,KT,강건,4,0,1,4.0,11.25,9.33,3.00,12.5,16.7,2.25,0.467,21.60,2.40,0.375,0.444,3.86,3.43,0.455,0.600
2024,KT,전용주,4,0,0,1.2,10.80,5.91,3.00,36.4,27.3,0.00,0.667,,99.99,,1.000,10.80,2.40,0.286,0.500
2024,KT,한차현,10,0,4,19.0,9.95,7.53,2.47,16.5,17.5,1.90,0.391,9.90,2.30,0.349,0.442,10.80,2.88,0.368,0.500
2024,KT,주권,48,1,1,58.0,6.67,5.10,1.53,12.2,4.3,1.09,0.362,10.59,1.52,0.353,0.373,3.38,1.43,0.310,0.352
2024,KT,문용익,12,0,0,17.0,12.18,7.65,2.65,17.2,22.2,1.06,0.382,9.39,2.74,0.286,0.479,13.50,2.65,0.343,0.489
2024,두산,곽빈,30,15,9,167.2,4.24,4.21,1.30,21.5,10.6,0.59,0.281,3.80,1.15,0.204,0.283,4.36,1.41,0.247,0.340
2024,두산,김택연,60,3,2,65.0,2.08,3.27,1.26,28.2,11.2,0.28,0.314,2.25,0.89,0.177,0.250,1.69,1.61,0.245,0.369
2024,두산,브랜든,14,7,4,75.0,3.12,2.85,1.15,23.8,3.5,0.36,0.330,3.77,1.19,0.266,0.296,2.39,1.18,0.265,0.303
2024,두산,이병헌,77,6,1,65.1,2.89,4.36,1.45,20.0,11.9,0.41,0.315,1.62,1.92,0.277,0.395,3.25,1.24,0.247,0.320
2024,두산,김강률,53,2,2,42.0,3.00,4.30,1.48,17.6,11.2,0.21,0.313,3.24,1.28,0.237,0.314,2.87,1.85,0.286,0.400
2024,두산,홍건희,65,4,3,59.1,2.73,5.28,1.48,17.0,12.5,0.76,0.294,3.23,1.79,0.291,0.408,2.39,1.22,0.215,0.315
2024,두산,발라조빅,12,2,6,57.0,4.26,3.31,1.44,27.6,11.2,0.47,0.343,4.18,1.35,0.233,0.330,3.94,1.41,0.248,0.329
2024,두산,최준호,17,3,6,72.1,5.10,5.54,1.37,18.5,9.6,1.37,0.275,3.71,1.24,0.225,0.301,5.82,1.53,0.269,0.355
2024,두산,알칸타라,12,2,2,64.1,4.76,5.95,1.24,12.6,8.1,1.40,0.240,5.23,1.16,0.223,0.293,4.71,1.40,0.272,0.331
2024,두산,최원준,24,6,7,110.0,6.46,6.15,1.45,14.7,6.9,1.72,0.296,4.82,0.99,0.202,0.266,6.63,1.77,0.333,0.392
2024,두산,최지강,55,3,1,50.0,3.24,5.27,1.44,20.3,10.8,1.08,0.300,2.22,1.27,0.247,0.346,3.80,1.52,0.241,0.350
2024,두산,김민규,13,0,1,25.0,4.32,7.18,1.68,16.2,16.2,1.44,0.271,7.59,2.44,0.362,0.492,2.03,1.13,0.140,0.288
2024,두산,이영하,59,5,4,65.1,3.99,4.56,1.50,19.8,12.1,0.55,0.299,2.35,1.60,0.256,0.364,4.81,1.34,0.233,0.306
2024,두산,시라카와,7,2,3,34.1,6.03,6.31,1.57,12.0,15.2,0.79,0.248,5.06,1.06,0.170,0.286,6.88,2.00,0.271,0.402
2024,두산,박신지,6,0,1,8.2,2.08,6.69,1.85,7.3,19.5,0.00,0.286,1.93,1.93,0.278,0.435,2.45,1.91,0.250,0.438
2024,두산,최종인,11,1,0,9.2,3.72,6.28,1.34,19.0,11.9,1.86,0.222,2.45,1.64,0.214,0.353,5.40,1.20,0.263,0.286
2024,두산,김유성,17,1,2,28.0,6.43,5.27,1.86,20.9,17.3,0.32,0.333,6.75,2.06,0.238,0.418,6.46,1.76,0.250,0.400
2024,두산,박정수,29,1,2,29.2,5.16,4.69,1.69,16.1,8.8,0.61,0.364,6.75,1.55,0.333,0.373,1.86,2.07,0.293,0.408
2024,두산,박지호,1,0,0,0.2,0.00,1.53,1.50,66.7,33.3,0.00,,0.00,0.00,0.000,0.000,0.00,3.00,0.000,0.500
2024,두산,최승용,12,2,0,27.0,6.00,5.76,1.63,16.9,5.6,2.00,0.348,8.62,1.60,0.317,0.368,1.86,1.66,0.326,0.340
2024,두산,김도윤,2,0,0,2.1,3.86,7.27,1.71,8.3,16.7,0.00,0.250,0.00,0.00,0.000,0.167,13.50,6.00,0.500,0.667
2024,두산,박치국,52,2,3,48.0,6.38,6.19,1.60,15.8,8.1,1.50,0.345,6.15,1.22,0.274,0.345,5.40,2.55,0.397,0.493
2024,두산,박소준,1,0,1,4.0,11.25,10.53,2.00,10.0,10.0,4.50,0.286,0.00,2.40,0.375,0.444,19.29,1.71,0.300,0.364
2024,두산,권휘,8,0,0,9.0,11.00,3.66,2.44,22.4,14.3,0.00,0.500,4.91,1.64,0.154,0.353,11.81,2.81,0.444,0.500
2024,두산,김정우,1,0,0,0.1,81.00,4.23,9.00,0.0,0.0,0.00,1.000,99.99,99.99,1.000,1.000,27.00,3.00,1.000,1.000
2024,두산,정철원,36,2,1,32.1,6.40,6.12,2.01,23.6,15.8,1.39,0.382,6.75,2.00,0.303,0.432,6.75,2.11,0.288,0.427
2024,두산,김동주,14,1,3,50.0,6.84,5.51,1.76,14.3,8.6,1.08,0.345,5.25,1.63,0.306,0.375,9.13,2.03,0.343,0.398
2024,두산,김호준,16,1,2,13.1,8.78,6.16,1.95,8.8,5.9,0.68,0.429,13.50,2.63,0.440,0.533,5.87,1.57,0.367,0.441
2024,두산,이교훈,33,1,1,35.1,7.39,6.40,1.70,16.3,10.2,1.78,0.324,8.76,1.62,0.260,0.351,6.95,1.77,0.326,0.398
2024,두산,김명신,35,2,1,32.2,9.37,6.21,2.17,14.9,4.8,2.20,0.447,8.40,2.60,0.438,0.481,10.06,1.65,0.360,0.380
2024,한화,류현진,28,10,8,158.1,3.87,3.73,1.36,19.9,4.9,0.68,0.346,3.94,1.19,0.264,0.299,4.05,1.65,0.322,0.362
2024,한화,주현상,65,8,4,71.1,2.65,3.89,0.84,24.0,3.0,1.14,0.238,2.23,0.77,0.202,0.227,3.06,0.93,0.217,0.240
2024,한화,와이스,16,5,5,91.2,3.73,3.71,1.16,25.5,7.6,0.79,0.284,3.63,0.76,0.150,0.205,3.62,1.39,0.268,0.330
2024,한화,문동주,21,7,7,111.1,5.17,4.78,1.67,19.1,7.6,1.13,0.388,5.29,1.61,0.325,0.370,5.10,1.74,0.326,0.394
2024,한화,바리아,20,6,7,92.2,5.15,3.90,1.42,20.5,4.4,0.97,0.357,4.84,1.30,0.272,0.312,5.53,1.58,0.326,0.347
2024,한화,산체스,11,2,3,53.1,4.22,3.91,1.52,22.9,8.6,0.34,0.374,5.28,2.34,0.372,0.481,2.91,0.51,0.139,0.182
2024,한화,황준서,36,2,8,72.0,5.38,5.78,1.82,20.5,15.0,1.13,0.348,6.81,1.93,0.310,0.408,3.78,1.74,0.260,0.397
2024,한화,박상원,65,3,3,66.2,4.59,3.54,1.19,23.4,7.9,0.27,0.304,4.50,1.09,0.242,0.312,4.80,1.30,0.230,0.313
2024,한화,이민우,64,2,1,55.0,3.76,4.48,1.44,20.9,9.8,0.82,0.333,3.38,1.33,0.243,0.322,3.47,1.59,0.318,0.380
2024,한화,한승혁,70,5,5,62.2,5.03,4.31,1.61,22.1,13.1,0.29,0.347,5.52,1.74,0.267,0.381,4.35,1.39,0.234,0.353
2024,한화,장민재,26,1,1,29.0,3.10,4.47,1.83,12.3,5.1,0.62,0.404,4.30,2.05,0.385,0.431,2.31,1.97,0.382,0.404
2024,한화,김서현,37,1,2,38.1,3.76,4.43,1.64,24.2,18.0,0.00,0.316,2.37,1.16,0.159,0.321,5.40,2.07,0.267,0.415
2024,한화,김민우,3,1,0,12.1,2.19,5.08,1.05,26.5,12.2,1.46,0.179,0.00,1.29,0.235,0.316,3.52,0.91,0.115,0.233
2024,한화,이상규,21,1,4,32.0,5.63,5.48,1.69,18.1,10.1,1.41,0.343,4.41,1.71,0.333,0.378,5.27,1.76,0.259,0.385
2024,한화,김기중,27,5,4,59.0,6.56,5.98,1.86,13.6,9.4,1.22,0.366,5.26,1.68,0.308,0.367,7.52,1.92,0.346,0.423
2024,한화,장시환,30,2,2,33.1,5.13,5.41,1.68,17.9,14.1,0.81,0.313,5.59,1.76,0.299,0.393,5.25,1.67,0.222,0.351
2024,한화,페냐,9,3,5,37.1,6.27,5.92,1.63,17.0,11.7,1.45,0.302,7.36,1.98,0.288,0.403,4.71,1.33,0.256,0.311
2024,한화,김승일,3,0,0,3.0,3.00,3.63,1.33,15.4,0.0,0.00,0.400,4.50,2.00,0.444,0.500,0.00,0.00,0.000,0.000
2024,한화,남지민,2,0,0,4.0,0.00,4.76,1.00,17.6,11.8,0.00,0.182,0.00,1.50,0.143,0.400,0.00,0.50,0.143,0.143
2024,한화,김범수,39,0,0,34.0,5.29,7.55,1.56,24.2,12.7,2.91,0.268,4.41,1.29,0.211,0.338,6.75,1.75,0.299,0.392
2024,한화,조동욱,21,1,2,41.0,6.37,5.29,1.73,16.2,7.1,1.10,0.374,6.65,1.43,0.297,0.353,6.23,2.08,0.364,0.427
2024,한화,배민서,1,0,0,1.2,16.20,8.49,4.20,9.1,27.3,0.00,0.571,0.00,0.00,0.000,0.000,40.50,10.50,0.667,0.778
2024,한화,김규연,58,1,0,59.0,7.02,5.48,1.59,14.8,10.4,0.92,0.321,6.14,1.43,0.284,0.341,8.46,1.88,0.306,0.415
2024,한화,김도빈,1,0,1,0.1,54.00,25.53,12.00,20.0,60.0,0.00,1.000,54.00,6.00,0.500,0.667,,99.99,,1.000
2024,한화,이충호,3,0,0,2.1,3.86,5.13,3.00,23.1,23.1,0.00,0.571,0.00,1.50,0.000,0.333,0.00,3.00,0.429,0.556
2024,한화,장지수,13,0,0,14.0,10.93,4.55,2.36,14.7,13.3,0.00,0.442,7.36,1.64,0.250,0.400,15.88,3.53,0.469,0.541
2024,한화,윤대경,7,0,0,7.2,10.57,6.42,2.09,17.5,15.0,1.17,0.360,9.82,2.45,0.400,0.450,12.27,1.91,0.308,0.421
2024,한화,이태양,10,0,2,9.1,11.57,9.48,2.04,4.2,4.2,3.86,0.325,9.00,1.67,0.333,0.357,16.20,2.70,0.421,0.450
2024,한화,한승주,18,0,2,22.0,11.45,5.61,2.50,11.7,8.3,0.82,0.483,7.71,1.71,0.375,0.412,13.50,3.20,0.481,0.548
2024,키움,후라도,30,10,8,190.1,3.36,3.89,1.14,21.7,4.1,0.90,0.306,3.67,1.10,0.249,0.285,2.90,1.18,0.256,0.300
2024,키움,헤이수스,30,13,11,171.1,3.68,4.18,1.25,24.5,6.0,1.16,0.318,4.77,1.42,0.280,0.344,1.53,0.94,0.207,0.256
2024,키움,하영민,28,9,8,150.1,4.37,4.53,1.50,15.1,8.6,0.48,0.322,3.88,1.33,0.257,0.324,4.78,1.65,0.298,0.364
2024,키움,주승우,55,4,6,51.2,4.35,4.25,1.32,19.1,8.0,0.70,0.305,3.65,1.22,0.207,0.317,4.13,1.38,0.292,0.333
2024,키움,조상우,44,0,1,39.2,3.18,4.10,1.51,21.1,11.7,0.45,0.342,1.96,1.31,0.231,0.324,4.12,1.63,0.297,0.372
2024,키움,김인범,19,2,7,63.1,5.40,6.83,1.67,9.1,10.4,1.28,0.300,6.68,1.55,0.276,0.375,4.60,1.77,0.317,0.397
2024,키움,김성민,46,3,4,45.2,4.34,4.93,1.36,18.1,9.0,0.99,0.310,5.63,1.38,0.268,0.344,3.26,1.45,0.293,0.354
2024,키움,김재웅,26,0,2,23.2,3.42,4.99,1.52,17.8,11.2,0.76,0.306,2.53,1.97,0.289,0.407,4.91,1.18,0.225,0.289
2024,키움,김윤하,19,1,6,79.0,6.04,5.35,1.62,11.8,9.6,0.68,0.322,7.27,1.68,0.310,0.381,4.59,1.53,0.271,0.353
2024,키움,김선기,42,6,4,76.1,5.54,6.36,1.59,12.0,8.4,1.53,0.298,4.79,1.45,0.281,0.335,6.82,1.64,0.288,0.367
2024,키움,김동욱,37,2,1,36.0,5.00,5.01,1.08,12.3,4.1,1.00,0.254,5.51,1.29,0.286,0.328,5.09,0.96,0.224,0.239
2024,키움,양지율,21,0,2,18.2,6.27,6.50,1.55,8.4,15.7,0.48,0.250,1.80,1.50,0.243,0.364,12.91,1.70,0.250,0.382
2024,키움,원종현,4,0,0,3.2,4.91,4.12,1.91,22.2,16.7,0.00,0.364,7.71,2.14,0.364,0.417,0.00,0.75,0.000,0.200
2024,키움,박승주,15,0,1,17.1,6.75,5.58,1.44,17.6,12.2,1.04,0.298,3.00,1.11,0.250,0.294,10.29,2.14,0.308,0.471
2024,키움,박윤성,17,0,0,18.2,5.79,7.09,1.23,17.3,11.1,2.41,0.173,6.52,0.93,0.189,0.231,5.63,1.63,0.214,0.361
2024,키움,정찬헌,4,0,2,16.0,7.88,6.48,1.81,6.8,4.1,1.69,0.371,8.10,1.10,0.250,0.308,6.75,4.00,0.571,0.571
2024,키움,윤정현,2,0,0,3.0,9.00,5.53,2.00,6.7,13.3,0.00,0.333,13.50,3.00,0.429,0.500,0.00,0.00,0.000,0.000
2024,키움,김동규,2,0,0,0.1,54.00,23.43,9.00,0.0,50.0,0.00,0.500,0.00,3.00,0.500,0.500,99.99,99.99,,1.000
2024,키움,손현기,6,0,1,14.1,7.53,6.78,1.74,13.0,11.6,1.26,0.319,8.64,1.80,0.306,0.419,5.40,1.40,0.235,0.333
2024,키움,문성현,42,1,2,38.1,6.57,5.40,2.06,16.4,13.2,0.70,0.402,6.30,1.75,0.321,0.396,8.04,2.62,0.377,0.488
2024,키움,김연주,34,1,1,31.1,6.61,6.84,1.63,12.2,11.5,1.44,0.282,7.00,1.67,0.274,0.391,6.23,1.38,0.245,0.321
2024,키움,이종민,12,1,8,43.2,7.63,7.31,1.79,9.9,10.4,1.86,0.305,7.30,1.66,0.268,0.364,9.19,2.04,0.377,0.443
2024,키움,박범준,5,0,1,5.1,13.50,5.71,2.06,28.6,14.3,1.69,0.429,10.13,2.63,0.364,0.467,19.29,1.29,0.250,0.364
2024,키움,이명종,10,0,1,11.0,8.18,8.81,2.27,6.9,8.6,3.27,0.364,5.06,2.06,0.318,0.407,11.81,2.44,0.462,0.464
2024,키움,전준표,18,2,4,27.2,6.83,7.22,1.99,12.5,13.9,1.30,0.320,4.91,1.77,0.286,0.392,7.71,2.06,0.271,0.426
2024,키움,오석주,17,1,1,17.0,11.12,4.51,2.29,17.4,12.0,0.00,0.459,12.54,2.25,0.350,0.460,12.00,3.00,0.452,0.514
2024,키움,조영건,25,2,1,39.1,8.01,6.11,1.91,15.7,12.2,1.60,0.326,9.45,2.30,0.330,0.431,5.50,1.28,0.235,0.299
2024,키움,윤석원,11,0,1,17.1,11.42,7.81,2.19,1.1,8.0,1.56,0.378,9.31,2.07,0.395,0.438,10.80,2.40,0.414,0.486
2024,키움,김동혁,17,0,2,22.1,6.85,8.67,1.66,8.8,9.8,2.82,0.274,5.52,1.30,0.280,0.356,6.14,1.91,0.300,0.378
2024,KIA,양현종,29,11,5,171.1,4.10,4.69,1.25,17.7,5.6,1.10,0.290,4.06,1.13,0.231,0.289,4.10,1.35,0.280,0.315
2024,KIA,네일,26,12,5,149.1,2.53,3.74,1.27,21.5,5.5,0.66,0.321,2.92,1.18,0.253,0.303,2.34,1.26,0.260,0.304
2024,KIA,정해영,53,2,3,50.2,2.49,4.65,1.24,23.8,7.6,1.42,0.289,2.51,1.08,0.252,0.278,2.61,1.35,0.211,0.318
2024,KIA,윤영철,18,7,4,81.2,4.19,5.35,1.53,16.0,11.9,0.88,0.300,3.66,1.46,0.251,0.343,5.23,1.45,0.280,0.346
2024,KIA,황동하,25,5,7,103.1,4.44,5.38,1.48,17.5,9.5,1.13,0.305,6.32,1.37,0.262,0.343,2.55,1.70,0.290,0.373
2024,KIA,장현식,75,5,4,75.1,3.94,4.45,1.45,22.7,10.3,0.96,0.322,3.83,1.24,0.225,0.298,4.13,1.79,0.323,0.404
2024,KIA,전상현,66,10,5,66.0,4.09,4.25,1.14,19.9,7.4,0.68,0.267,4.66,0.93,0.211,0.269,3.62,1.32,0.233,0.313
2024,KIA,알드레드,9,3,2,43.2,4.53,3.74,1.26,28.3,9.2,0.82,0.318,5.24,1.70,0.277,0.358,3.72,0.72,0.150,0.235
2024,KIA,곽도규,71,4,2,55.2,3.56,4.34,1.38,25.8,13.7,0.65,0.279,5.85,1.50,0.239,0.372,1.99,1.29,0.182,0.298
2024,KIA,크로우,8,5,1,40.1,3.57,3.11,1.31,25.0,7.0,0.45,0.342,3.86,0.70,0.172,0.209,3.10,1.92,0.326,0.390
2024,KIA,김도현,35,4,6,75.0,4.92,5.40,1.57,17.1,9.0,1.08,0.335,6.34,1.77,0.319,0.405,3.27,1.24,0.231,0.316
2024,KIA,라우어,7,2,2,34.2,4.93,3.98,1.36,24.7,8.0,0.78,0.337,5.56,1.32,0.270,0.323,4.50,1.70,0.275,0.383
2024,KIA,이준영,56,4,0,35.0,3.86,5.04,1.54,20.6,10.6,1.29,0.320,2.89,2.14,0.256,0.408,3.75,1.25,0.256,0.323
2024,KIA,최지민,56,3,3,46.0,5.09,5.80,1.83,16.4,17.8,0.39,0.298,6.23,2.25,0.292,0.435,4.15,1.35,0.209,0.336
2024,KIA,스타우트,4,1,1,16.0,5.06,4.19,1.38,27.4,6.8,1.13,0.349,8.00,1.11,0.278,0.316,1.29,1.71,0.241,0.371
2024,KIA,김승현,14,1,0,18.0,4.00,5.93,1.67,12.9,8.2,1.50,0.313,4.91,1.55,0.277,0.333,2.70,1.80,0.310,0.375
2024,KIA,유승철,5,0,0,5.0,5.40,6.71,2.00,17.4,30.4,0.00,0.250,9.00,3.00,0.250,0.500,3.00,1.33,0.125,0.364
2024,KIA,장재혁,1,0,0,1.1,0.00,6.63,2.25,0.0,14.3,0.00,0.333,0.00,1.00,0.250,0.250,0.00,6.00,0.500,0.667
2024,KIA,이의리,4,1,0,13.1,5.40,7.64,2.33,20.3,20.3,2.03,0.368,2.35,1.83,0.207,0.378,14.73,4.09,0.500,0.577
2024,KIA,박정우,1,0,0,1.0,0.00,-0.77,0.00,66.7,0.0,0.00,0.000,0.00,0.00,0.000,0.000,0.00,0.00,0.000,0.000
2024,KIA,김기훈,17,1,0,19.2,5.03,5.60,1.58,17.9,15.8,0.46,0.254,5.73,1.55,0.209,0.346,4.70,1.70,0.226,0.385
2024,KIA,유지성,3,0,0,2.1,7.71,7.49,2.14,21.4,0.0,3.86,0.444,0.00,1.00,0.222,0.300,54.00,9.00,0.750,0.750
2024,KIA,박준표,8,0,0,6.0,6.00,4.70,2.17,13.8,10.3,0.00,0.476,7.71,1.71,0.389,0.450,0.00,2.25,0.333,0.429
2024,KIA,김사윤,23,0,1,37.0,4.62,5.04,1.76,20.8,14.5,0.49,0.365,4.19,1.55,0.278,0.384,5.06,1.94,0.305,0.427
2024,KIA,김민주,2,0,0,1.0,9.00,2.43,4.00,25.0,12.5,0.00,0.600,27.00,9.00,0.500,0.600,0.00,1.50,0.333,0.333
2024,KIA,김민재,4,0,0,4.0,15.75,12.88,2.50,13.6,4.5,6.75,0.429,40.50,4.50,0.600,0.600,10.13,2.25,0.385,0.467
2024,KIA,임기영,37,6,2,45.2,6.31,5.54,1.71,16.5,7.8,1.58,0.344,6.54,1.39,0.269,0.319,6.17,2.49,0.393,0.460
2024,KIA,김건국,20,0,1,34.1,7.86,6.00,1.81,12.1,8.5,1.31,0.347,8.50,1.83,0.329,0.393,8.36,2.00,0.344,0.406
2024,KIA,김현수,5,0,0,5.0,18.00,6.07,2.40,14.3,17.9,0.00,0.389,5.40,2.10,0.286,0.444,43.20,3.00,0.429,0.500
2024,KIA,이형범,16,0,1,15.0,7.80,6.88,2.20,10.8,8.4,1.20,0.400,11.25,2.75,0.425,0.510,4.05,1.50,0.286,0.355
2024,KIA,김대유,37,0,0,25.0,8.28,5.33,1.88,21.3,9.8,1.44,0.397,11.17,2.17,0.350,0.429,5.79,1.71,0.328,0.388
2024,KIA,윤중현,11,0,0,10.1,13.94,11.28,3.00,6.5,14.5,3.48,0.429,12.00,2.33,0.407,0.486,15.75,3.75,0.500,0.625
2024,NC,하트,26,13,3,157.0,2.69,3.17,1.03,28.8,6.0,0.63,0.293,3.13,1.12,0.221,0.292,2.05,0.83,0.193,0.237
2024,NC,신민혁,25,8,9,121.0,4.31,5.28,1.29,14.1,3.1,1.49,0.296,3.68,1.23,0.279,0.308,5.00,1.35,0.288,0.316
2024,NC,김재열,69,1,5,68.2,2.49,3.79,1.27,23.6,10.2,0.52,0.300,3.00,1.42,0.254,0.342,1.52,1.01,0.194,0.254
2024,NC,김시훈,39,3,4,107.1,4.53,5.13,1.57,15.5,12.4,0.59,0.309,5.05,1.61,0.283,0.367,3.88,1.60,0.261,0.367
2024,NC,카스타노,19,8,6,111.2,4.35,4.33,1.27,18.7,5.3,0.89,0.312,3.23,1.34,0.276,0.324,5.40,1.13,0.249,0.296
2024,NC,김영규,42,4,2,45.2,3.15,3.44,1.18,26.2,7.7,0.59,0.322,2.70,1.15,0.205,0.289,2.92,1.09,0.256,0.293
2024,NC,이재학,21,3,12,104.1,5.52,5.26,1.44,21.0,9.1,1.47,0.310,7.78,1.50,0.268,0.349,4.48,1.44,0.276,0.340
2024,NC,한재승,51,1,2,45.1,3.97,4.45,1.41,21.9,13.4,0.40,0.282,3.45,1.40,0.229,0.331,5.65,1.47,0.184,0.344
2024,NC,임정호,65,1,6,55.0,4.42,4.30,1.44,18.9,10.3,0.49,0.321,4.50,1.61,0.264,0.354,4.19,1.37,0.270,0.352
2024,NC,요키시,8,3,4,39.1,5.72,5.50,1.81,16.9,10.6,1.14,0.362,4.10,1.41,0.257,0.342,9.49,2.68,0.407,0.478
2024,NC,최우석,9,0,0,8.2,3.12,6.89,1.50,21.6,16.2,2.08,0.238,3.38,1.31,0.211,0.318,3.38,1.88,0.300,0.417
2024,NC,이용준,9,2,3,33.2,6.68,5.49,1.66,16.6,8.9,1.34,0.339,5.29,1.18,0.200,0.300,8.44,2.19,0.377,0.422
2024,NC,박주현,3,0,0,3.0,6.00,5.93,1.33,30.8,7.7,3.00,0.286,10.80,1.80,0.286,0.375,0.00,1.00,0.250,0.250
2024,NC,김진호,2,0,0,2.1,7.71,3.76,2.14,25.0,16.7,0.00,0.500,6.75,1.50,0.400,0.400,9.00,3.00,0.250,0.500
2024,NC,손주환,4,0,1,3.2,9.82,4.12,1.09,25.0,12.5,0.00,0.222,4.50,1.00,0.143,0.333,16.20,1.20,0.167,0.286
2024,NC,송명기,33,2,1,38.1,5.87,5.04,1.49,17.9,9.8,0.94,0.308,3.32,1.15,0.211,0.311,9.00,1.88,0.329,0.385
2024,NC,채원후,3,0,0,3.0,12.00,5.76,3.00,11.1,16.7,0.00,0.462,3.86,2.14,0.300,0.417,40.50,6.00,0.600,0.667
2024,NC,김민규,7,0,0,6.1,5.68,4.96,1.74,6.7,10.0,0.00,0.333,10.80,2.40,0.400,0.471,0.00,1.00,0.200,0.250
2024,NC,서의태,11,1,0,7.2,9.39,6.84,1.70,20.6,23.5,1.17,0.222,1.69,0.94,0.125,0.263,27.00,3.50,0.333,0.538
2024,NC,임상현,12,1,5,40.1,6.47,6.39,1.71,11.6,12.7,1.12,0.315,7.13,1.29,0.271,0.337,5.11,2.51,0.346,0.477
2024,NC,배재환,20,0,1,19.2,7.32,8.05,1.78,14.3,16.5,2.29,0.268,13.00,1.56,0.303,0.378,2.79,1.97,0.270,0.404
2024,NC,류진욱,50,2,1,42.1,5.74,4.76,1.68,19.1,9.8,0.85,0.369,4.74,1.54,0.313,0.374,7.02,1.80,0.284,0.380
2024,NC,신영우,4,0,1,9.1,10.61,8.45,2.57,11.5,28.8,0.00,0.333,5.40,1.80,0.250,0.458,12.46,3.23,0.286,0.560
2024,NC,최성영,24,2,0,46.2,5.79,5.37,1.76,13.3,7.8,1.35,0.348,5.14,1.90,0.348,0.400,5.68,1.50,0.298,0.336
2024,NC,소이현,4,0,0,3.1,13.50,5.40,2.10,5.3,5.3,0.00,0.375,16.20,1.80,0.333,0.400,13.50,3.00,0.429,0.500
2024,NC,김태현,11,0,0,10.0,7.20,9.29,2.10,6.0,14.0,2.70,0.314,5.79,2.57,0.381,0.480,9.00,1.60,0.294,0.381
2024,NC,목지훈,3,0,1,9.0,12.00,8.99,2.78,5.8,19.2,1.00,0.389,8.31,2.31,0.313,0.476,12.46,3.00,0.381,0.536
2024,NC,전루건,6,0,0,5.2,22.24,11.57,4.24,0.0,20.5,0.00,0.517,38.57,3.86,0.500,0.632,12.00,5.00,0.643,0.727
2024,NC,전사민,17,0,0,23.2,9.51,6.65,2.37,13.3,13.3,1.14,0.414,4.63,2.23,0.367,0.475,16.03,2.63,0.380,0.467
2024,NC,이준호,38,3,5,49.1,7.48,5.67,1.97,17.3,10.7,1.28,0.393,6.99,1.55,0.286,0.354,6.52,2.53,0.393,0.486
2024,NC,이용찬,57,3,9,54.1,6.13,4.65,1.90,18.7,8.0,0.99,0.425,6.92,1.62,0.318,0.368,5.13,2.09,0.374,0.434
2025,LG,치리노스,30,13,6,177.0,3.31,3.13,1.18,18.6,4.9,0.25,0.310,3.12,1.05,0.238,0.284,3.69,1.36,0.271,0.318
2025,LG,임찬규,27,11,7,160.1,3.03,3.82,1.27,16.0,6.0,0.51,0.306,3.06,1.29,0.282,0.324,3.05,1.28,0.251,0.310
2025,LG,손주영,30,11,6,153.0,3.41,3.49,1.32,20.5,7.6,0.47,0.325,3.48,1.44,0.279,0.347,3.12,1.15,0.242,0.284
2025,LG,송승기,28,11,6,144.0,3.50,4.10,1.38,19.9,7.8,0.94,0.309,3.60,1.34,0.261,0.314,3.40,1.42,0.260,0.325
2025,LG,김영우,66,3,2,60.0,2.40,3.64,1.32,22.0,11.8,0.30,0.296,1.95,1.21,0.207,0.308,3.08,1.44,0.253,0.351
2025,LG,톨허스트,8,6,2,44.0,2.86,3.21,1.25,24.5,8.7,0.41,0.314,3.43,1.38,0.241,0.333,2.45,1.18,0.244,0.300
2025,LG,에르난데스,14,4,4,66.0,4.23,3.82,1.17,26.4,8.7,0.96,0.275,3.91,1.22,0.215,0.318,4.26,1.13,0.229,0.284
2025,LG,유영찬,39,2,2,41.0,2.63,3.20,1.32,29.4,13.0,0.44,0.302,2.77,1.00,0.170,0.267,2.51,1.88,0.259,0.403
2025,LG,장현식,56,3,3,49.2,4.35,4.58,1.73,16.2,9.0,0.73,0.374,3.42,1.73,0.327,0.394,3.86,1.56,0.291,0.365
2025,LG,박명근,44,3,4,38.2,4.89,5.09,1.34,17.9,9.5,1.16,0.282,4.94,1.31,0.250,0.347,4.40,1.33,0.231,0.328
2025,LG,이정용,39,6,1,34.0,5.03,4.37,1.29,18.7,8.6,0.79,0.305,4.86,1.26,0.230,0.319,4.86,1.26,0.271,0.338
2025,LG,김진성,78,6,4,70.2,3.44,3.91,1.20,21.6,8.2,0.89,0.277,2.56,0.91,0.206,0.236,4.75,1.55,0.270,0.353
2025,LG,이우찬,23,0,1,19.0,1.89,3.81,1.42,23.3,16.3,0.00,0.260,1.23,1.50,0.207,0.343,2.70,1.40,0.194,0.326
2025,LG,김강률,12,1,0,12.1,1.46,4.43,1.22,17.6,15.7,0.00,0.212,1.59,1.41,0.222,0.391,1.35,0.90,0.087,0.222
2025,LG,최채흥,13,0,1,29.0,5.28,4.99,1.69,15.9,10.6,0.93,0.344,5.02,1.67,0.281,0.373,5.93,1.54,0.288,0.362
2025,LG,임준형,5,0,0,4.2,1.93,4.22,1.29,11.1,11.1,0.00,0.308,0.00,2.40,0.429,0.500,4.50,1.00,0.167,0.286
2025,LG,백승현,33,1,0,30.0,3.90,5.45,1.87,18.5,19.2,0.60,0.302,3.06,1.92,0.275,0.412,4.38,1.70,0.200,0.362
2025,LG,배재준,14,0,0,13.0,5.54,4.11,1.23,25.0,12.5,0.69,0.242,3.86,0.57,0.130,0.160,7.50,2.00,0.250,0.419
2025,LG,우강훈,11,0,0,9.2,4.66,5.27,1.86,10.9,13.0,0.00,0.364,0.00,1.42,0.238,0.407,13.50,2.70,0.438,0.474
2025,LG,이종준,2,0,0,1.2,0.00,2.84,0.60,33.3,16.7,0.00,0.000,0.00,0.00,0.000,0.000,0.00,1.50,0.000,0.333
2025,LG,박시원,2,0,0,1.1,13.50,15.92,3.75,0.0,55.6,0.00,0.000,0.00,3.00,0.000,0.500,27.00,3.00,0.000,0.500
2025,LG,이지강,43,1,2,47.1,5.32,4.55,1.56,18.5,11.4,0.76,0.322,4.13,1.16,0.221,0.287,7.64,2.32,0.351,0.457
2025,LG,김주온,1,0,1,0.1,27.00,34.82,6.00,20.0,40.0,0.00,,,,,1.000,27.00,6.00,0.000,0.750
2025,LG,코엔 윈,5,1,1,23.0,7.04,6.37,1.39,7.5,3.7,1.57,0.286,5.91,1.22,0.267,0.353,8.74,1.50,0.311,0.347
2025,LG,함덕주,31,2,3,27.0,6.00,4.09,1.19,23.0,15.9,0.33,0.203,5.14,1.29,0.180,0.300,7.11,1.03,0.135,0.277
2025,LG,김진수,4,0,0,5.0,9.00,6.32,2.40,22.2,3.7,3.60,0.500,6.00,2.00,0.357,0.400,9.00,2.50,0.455,0.455
2025,LG,김종운,2,0,0,1.2,5.40,15.20,1.20,28.6,0.0,10.80,0.000,0.00,1.50,0.333,0.333,9.00,1.00,0.250,0.250
2025,LG,정우영,4,0,0,2.2,20.25,11.57,1.88,23.1,30.8,3.38,0.000,21.60,1.20,0.200,0.429,0.00,2.00,0.000,0.400
2025,LG,김유영,6,0,0,4.1,12.46,4.73,2.77,19.2,15.4,0.00,0.533,9.00,3.50,0.333,0.538,13.50,2.00,0.444,0.500
2025,LG,성동현,12,0,0,9.0,9.00,8.10,2.11,13.3,20.0,2.00,0.296,12.71,2.12,0.304,0.429,3.00,2.33,0.273,0.467
2025,삼성,후라도,30,15,8,197.1,2.60,3.79,1.08,18.1,4.6,0.78,0.275,2.42,1.03,0.228,0.272,2.51,1.13,0.252,0.287
2025,삼성,원태인,27,12,4,166.2,3.24,4.36,1.10,16.1,4.0,1.08,0.275,4.11,1.12,0.256,0.291,2.29,1.10,0.248,0.287
2025,삼성,가라비토,15,4,4,78.1,2.64,3.91,1.19,25.7,11.3,0.69,0.263,2.25,0.98,0.174,0.265,2.75,1.33,0.208,0.335
2025,삼성,최원태,27,8,7,124.1,4.92,4.59,1.44,19.7,9.2,0.94,0.322,4.31,1.30,0.275,0.338,5.34,1.50,0.260,0.355
2025,삼성,백정현,29,2,0,32.1,1.95,2.78,0.80,24.2,5.5,0.28,0.212,2.30,1.02,0.196,0.254,1.72,0.57,0.143,0.186
2025,삼성,김태훈,73,2,6,66.1,4.48,3.87,1.39,25.8,9.1,1.09,0.330,4.89,1.37,0.258,0.331,3.60,1.33,0.241,0.313
2025,삼성,레예스,10,4,3,50.0,4.14,4.32,1.26,16.3,5.6,0.90,0.293,4.95,1.35,0.253,0.315,2.79,1.03,0.238,0.281
2025,삼성,양창섭,33,3,3,63.0,3.43,4.12,1.37,16.3,6.9,0.43,0.325,2.97,1.26,0.262,0.343,4.13,1.55,0.306,0.365
2025,삼성,배찬승,65,2,3,50.2,3.91,4.02,1.66,24.5,14.6,0.53,0.353,5.48,1.64,0.263,0.385,2.22,1.45,0.226,0.333
2025,삼성,김재윤,63,4,7,57.2,4.99,4.84,1.21,17.8,5.4,1.56,0.272,3.98,1.20,0.258,0.291,5.04,1.20,0.239,0.297
2025,삼성,이승민,62,3,2,64.1,3.78,4.18,1.35,18.9,9.3,0.70,0.298,5.67,1.59,0.294,0.361,1.53,1.05,0.185,0.279
2025,삼성,이재익,7,1,0,7.1,1.23,2.75,1.36,19.4,6.5,0.00,0.348,0.00,1.29,0.222,0.300,1.80,1.40,0.300,0.333
2025,삼성,이재희,11,0,2,9.0,3.00,3.20,1.33,23.1,12.8,0.00,0.280,3.60,1.40,0.211,0.318,2.70,1.50,0.231,0.333
2025,삼성,김대호,11,0,1,21.0,5.14,5.79,1.90,18.1,14.3,1.29,0.333,4.85,1.77,0.294,0.377,3.86,1.71,0.185,0.371
2025,삼성,양현,4,0,0,3.1,0.00,6.05,1.50,6.7,20.0,0.00,0.182,0.00,0.86,0.000,0.222,0.00,3.00,0.400,0.500
2025,삼성,황동재,15,0,1,20.2,6.97,4.31,1.98,21.2,13.5,0.44,0.400,5.54,1.23,0.240,0.309,9.00,3.43,0.400,0.543
2025,삼성,송은범,5,0,0,6.0,4.50,4.69,2.00,7.1,10.7,0.00,0.409,5.06,1.69,0.368,0.429,0.00,9.00,0.500,0.600
2025,삼성,이상민,1,0,0,1.0,0.00,1.42,2.00,20.0,0.0,0.00,0.500,0.00,3.00,0.500,0.500,0.00,0.00,0.000,0.000
2025,삼성,최성훈,2,0,0,1.0,9.00,4.62,2.00,20.0,20.0,0.00,0.333,0.00,0.00,0.000,0.000,27.00,6.00,0.500,0.667
2025,삼성,육선엽,27,0,1,28.2,5.34,6.60,1.64,14.3,18.0,1.26,0.229,3.45,1.60,0.200,0.362,7.62,1.69,0.235,0.361
2025,삼성,이호성,58,7,4,55.1,6.34,4.10,1.50,27.4,11.5,1.14,0.331,5.22,1.47,0.259,0.341,7.20,1.48,0.238,0.328
2025,삼성,홍원표,2,0,1,2.0,4.50,5.87,2.50,8.3,16.7,0.00,0.429,0.00,6.00,0.500,0.750,5.40,1.80,0.400,0.429
2025,삼성,임창민,16,1,0,13.0,4.85,9.06,1.85,9.5,11.1,3.46,0.279,5.40,2.10,0.379,0.441,4.76,1.59,0.227,0.346
2025,삼성,오승환,12,0,0,9.0,8.00,4.36,2.00,15.6,6.7,1.00,0.412,3.38,1.50,0.273,0.333,9.82,2.45,0.444,0.450
2025,삼성,정민성,1,0,1,1.0,36.00,10.32,3.00,0.0,0.0,0.00,0.600,99.99,99.99,1.000,1.000,9.00,1.00,0.333,0.500
2025,삼성,최충연,4,0,0,1.2,37.80,15.32,5.40,6.7,13.3,5.40,0.600,27.00,3.00,0.500,0.500,81.00,15.00,0.750,0.857
2025,SSG,앤더슨,30,12,7,171.2,2.25,2.37,1.00,35.3,7.3,0.68,0.290,2.00,1.01,0.196,0.268,2.60,1.01,0.194,0.261
2025,SSG,화이트,24,11,4,134.2,2.87,3.38,1.15,24.4,7.8,0.60,0.283,3.12,1.16,0.216,0.291,2.35,1.11,0.220,0.287
2025,SSG,조병현,69,5,4,67.1,1.60,2.63,0.89,31.0,7.1,0.67,0.243,2.02,0.98,0.185,0.255,1.24,0.79,0.167,0.213
2025,SSG,노경은,77,3,6,80.0,2.14,3.05,1.06,21.3,7.8,0.23,0.272,2.21,1.04,0.229,0.277,1.55,1.03,0.196,0.274
2025,SSG,이로운,75,6,5,77.0,1.99,3.77,1.06,21.6,8.5,0.82,0.243,1.95,1.08,0.212,0.274,1.89,1.03,0.197,0.267
2025,SSG,김민,70,5,2,63.2,2.97,3.83,1.21,24.4,6.4,0.99,0.317,2.28,1.06,0.236,0.289,4.58,1.53,0.289,0.372
2025,SSG,김광현,28,10,10,144.0,5.00,3.77,1.49,21.7,7.9,0.81,0.355,5.63,1.50,0.293,0.349,4.15,1.31,0.264,0.316
2025,SSG,문승원,23,4,7,105.1,5.13,5.58,1.40,13.5,8.4,1.37,0.285,4.94,1.37,0.285,0.342,5.32,1.45,0.264,0.343
2025,SSG,김건우,35,5,4,66.0,3.82,4.37,1.55,22.6,16.3,0.27,0.295,2.21,1.18,0.170,0.298,6.26,2.09,0.286,0.445
2025,SSG,최민준,40,2,2,65.2,3.97,4.65,1.46,15.3,8.4,0.82,0.325,2.88,1.40,0.291,0.350,5.16,1.55,0.293,0.362
2025,SSG,전영준,34,1,5,52.2,4.61,4.26,1.41,24.1,11.4,0.85,0.321,4.85,1.21,0.180,0.333,3.32,1.66,0.322,0.375
2025,SSG,김택형,25,0,0,22.2,2.78,4.21,1.28,14.7,10.5,0.00,0.284,4.32,1.20,0.250,0.314,1.93,1.36,0.229,0.362
2025,SSG,박시후,52,6,2,52.1,3.27,5.45,1.41,14.7,12.6,0.86,0.258,3.60,1.30,0.231,0.318,3.38,1.60,0.252,0.382
2025,SSG,한두솔,44,2,0,36.1,4.95,4.06,1.79,16.0,11.2,0.25,0.378,6.75,1.95,0.340,0.413,4.03,1.66,0.295,0.380
2025,SSG,박기호,18,0,0,24.0,3.00,6.59,1.46,11.8,10.9,1.13,0.282,3.07,1.36,0.291,0.412,3.24,1.56,0.250,0.382
2025,SSG,송영진,21,2,5,63.1,5.83,5.89,1.71,13.9,10.8,1.42,0.333,7.63,1.92,0.344,0.418,3.72,1.59,0.287,0.368
2025,SSG,신지환,1,0,0,1.0,0.00,4.62,0.00,25.0,0.0,0.00,0.000,0.00,0.00,0.000,0.000,0.00,0.00,0.000,0.000
2025,SSG,김성민,2,1,0,0.2,0.00,13.52,3.00,0.0,50.0,0.00,0.000,0.00,0.00,0.000,0.000,,99.99,,1.000
2025,SSG,최현석,13,0,0,17.1,6.23,7.24,1.56,14.3,7.8,2.60,0.302,3.24,1.68,0.361,0.410,9.72,1.56,0.258,0.361
2025,SSG,서진용,2,0,0,1.1,6.75,11.12,3.00,0.0,42.9,0.00,0.250,0.00,0.75,0.000,0.250,99.99,99.99,1.000,1.000
2025,SSG,박종훈,5,0,2,19.0,7.11,8.98,1.74,11.1,20.0,1.90,0.212,5.87,1.70,0.192,0.417,7.59,1.88,0.263,0.451
2025,SSG,정동윤,12,0,0,17.1,8.31,5.06,1.90,20.7,14.6,1.04,0.380,8.10,1.70,0.289,0.378,9.00,2.29,0.345,0.457
2025,롯데,데이비슨,22,10,5,123.1,3.65,3.85,1.39,22.5,9.1,0.73,0.329,4.48,1.39,0.258,0.344,2.08,1.41,0.267,0.326
2025,롯데,나균안,28,3,7,137.1,3.87,4.22,1.41,19.3,8.3,0.85,0.317,3.58,1.26,0.242,0.318,4.35,1.62,0.302,0.354
2025,롯데,감보아,19,7,8,108.0,3.58,3.44,1.35,24.6,10.3,0.50,0.311,3.32,1.31,0.226,0.321,4.14,1.40,0.244,0.317
2025,롯데,박세웅,29,11,13,160.2,4.93,3.84,1.48,21.6,7.5,0.84,0.349,4.56,1.30,0.262,0.317,5.47,1.73,0.310,0.376
2025,롯데,김원중,53,4,3,60.2,2.67,3.55,1.50,25.4,12.1,0.59,0.338,2.05,1.57,0.224,0.350,3.34,1.38,0.278,0.336
2025,롯데,홍민기,25,0,2,32.0,3.09,2.17,1.09,30.2,8.5,0.00,0.312,2.16,0.72,0.164,0.217,3.52,1.43,0.241,0.338
2025,롯데,정현수,82,2,0,47.2,3.97,4.33,1.26,23.2,12.8,0.76,0.248,5.23,1.35,0.189,0.311,3.47,1.24,0.202,0.311
2025,롯데,정철원,75,8,3,70.0,4.24,4.19,1.43,17.6,9.0,0.51,0.316,4.57,1.52,0.287,0.363,3.86,1.29,0.240,0.319
2025,롯데,이민석,20,2,5,87.1,5.26,5.66,1.83,14.6,13.4,1.03,0.330,6.00,1.69,0.299,0.376,4.69,1.92,0.286,0.400
2025,롯데,김강현,67,2,2,72.0,4.00,5.40,1.25,11.8,6.9,1.13,0.260,3.68,1.34,0.258,0.340,5.19,1.19,0.262,0.300
2025,롯데,최준용,49,4,4,54.1,5.30,3.46,1.21,26.5,6.8,0.83,0.319,5.59,1.14,0.245,0.311,5.18,1.36,0.247,0.318
2025,롯데,반즈,8,3,4,45.2,5.32,4.21,1.40,18.6,8.3,0.79,0.305,5.74,1.35,0.255,0.325,4.58,1.47,0.267,0.329
2025,롯데,송재영,46,1,0,27.0,4.00,5.49,1.59,23.1,19.8,1.00,0.246,2.70,1.95,0.296,0.406,4.43,1.48,0.164,0.341
2025,롯데,정우준,3,0,0,3.1,5.40,2.63,1.80,18.8,0.0,0.00,0.500,3.86,1.29,0.333,0.400,9.00,3.00,0.500,0.500
2025,롯데,박진,51,3,3,69.1,5.32,4.89,1.41,16.6,7.3,1.30,0.303,7.23,1.39,0.282,0.321,3.16,1.34,0.258,0.318
2025,롯데,한현희,3,0,0,8.2,6.23,5.46,1.73,19.5,4.9,2.08,0.393,13.50,1.88,0.417,0.417,3.00,1.67,0.308,0.379
2025,롯데,정성종,2,0,0,2.1,3.86,9.02,1.29,0.0,0.0,3.86,0.222,4.50,0.50,0.143,0.143,0.00,6.00,0.667,0.667
2025,롯데,윤성빈,31,1,2,27.0,7.67,3.89,1.70,33.8,15.4,1.00,0.390,6.75,1.73,0.231,0.375,8.31,1.77,0.269,0.406
2025,롯데,이영재,3,0,0,2.0,9.00,8.97,2.50,18.2,0.0,4.50,0.571,0.00,1.50,0.400,0.400,27.00,4.50,0.600,0.667
2025,롯데,김태현,1,0,0,2.0,4.50,7.82,2.50,16.7,33.3,0.00,0.167,0.00,1.50,0.000,0.333,13.50,4.50,0.333,0.500
2025,롯데,심재민,4,1,0,3.0,3.00,3.32,2.00,13.3,6.7,0.00,0.417,0.00,1.20,0.286,0.286,9.00,4.00,0.500,0.571
2025,롯데,박진형,7,0,0,5.1,8.44,5.61,2.25,17.2,10.3,1.69,0.400,13.50,2.25,0.308,0.400,3.38,2.25,0.385,0.429
2025,롯데,박준우,11,1,2,12.1,8.03,3.51,2.19,17.2,9.4,0.00,0.457,6.43,1.86,0.355,0.394,10.80,2.80,0.400,0.500
2025,롯데,구승민,11,0,1,9.0,7.00,5.31,1.78,22.2,15.6,1.00,0.308,13.50,1.50,0.278,0.350,2.08,2.31,0.235,0.435
2025,롯데,벨라스케즈,11,1,4,35.0,8.23,6.22,1.86,16.7,10.7,1.80,0.364,8.47,2.00,0.372,0.430,7.79,1.73,0.266,0.390
2025,롯데,박세현,3,0,0,3.2,14.73,6.18,2.45,19.0,4.8,2.46,0.500,7.71,1.71,0.364,0.364,27.00,3.75,0.500,0.600
2025,롯데,김상수,45,0,1,36.2,6.38,5.03,1.80,15.0,10.0,0.98,0.349,8.31,1.94,0.341,0.411,3.68,1.64,0.279,0.357
2025,롯데,박시영,11,1,0,7.1,11.05,5.31,2.45,23.8,21.4,0.00,0.429,3.60,0.80,0.118,0.250,27.00,5.57,0.500,0.667
2025,롯데,김진욱,14,1,3,27.0,10.00,8.24,2.15,17.6,11.8,3.33,0.390,6.75,1.79,0.308,0.418,15.00,2.89,0.458,0.500
2025,KT,고영표,29,11,8,161.0,3.30,3.14,1.24,22.5,4.4,0.56,0.341,3.79,1.18,0.267,0.307,2.70,1.33,0.278,0.332
2025,KT,소형준,26,10,7,147.1,3.30,2.99,1.25,19.9,4.7,0.37,0.331,3.82,1.19,0.278,0.298,3.01,1.30,0.262,0.314
2025,KT,오원석,25,11,8,132.1,3.67,4.04,1.38,20.0,9.2,0.68,0.317,2.82,1.46,0.254,0.342,4.45,1.34,0.278,0.335
2025,KT,헤이수스,32,9,9,163.2,3.96,3.65,1.33,23.2,6.2,0.94,0.332,3.29,1.23,0.247,0.302,5.10,1.39,0.289,0.333
2025,KT,패트릭,15,3,3,60.2,3.12,3.67,1.38,16.9,7.9,0.30,0.311,2.88,1.72,0.333,0.381,3.34,1.17,0.206,0.285
2025,KT,우규민,53,1,2,44.1,2.44,3.54,1.08,13.0,1.6,0.41,0.291,1.45,0.90,0.218,0.244,4.15,1.46,0.333,0.368
2025,KT,이상동,41,3,0,43.1,2.49,3.87,0.92,20.2,5.4,0.83,0.231,2.61,0.82,0.189,0.231,2.08,0.92,0.189,0.256
2025,KT,박영현,67,5,6,69.0,3.39,3.99,1.48,25.2,11.1,1.17,0.326,2.91,1.09,0.192,0.276,4.01,1.78,0.312,0.392
2025,KT,손동현,58,5,0,58.2,3.84,3.45,1.33,21.4,4.7,0.92,0.339,5.40,1.71,0.320,0.364,3.09,1.14,0.250,0.286
2025,KT,문용익,20,1,0,28.2,3.14,4.58,1.40,25.6,15.7,0.94,0.273,1.54,1.20,0.200,0.298,4.32,1.56,0.224,0.366
2025,KT,김민수,58,4,3,52.2,4.96,4.25,1.48,15.7,6.5,0.85,0.339,5.11,1.42,0.300,0.330,4.44,1.52,0.297,0.357
2025,KT,쿠에바스,18,3,10,98.1,5.40,5.63,1.53,13.5,10.3,1.19,0.287,5.51,1.16,0.224,0.299,5.40,1.86,0.303,0.393
2025,KT,주권,34,0,1,40.2,4.43,4.65,1.50,10.8,7.4,0.66,0.326,1.65,1.65,0.323,0.380,6.46,1.44,0.293,0.340
2025,KT,최용준,7,1,0,9.0,2.00,2.89,1.67,12.8,5.1,0.00,0.406,2.70,1.35,0.292,0.346,0.00,2.57,0.462,0.462
2025,KT,원상현,52,0,3,57.0,5.21,5.52,1.60,17.4,13.5,1.26,0.286,4.39,1.54,0.255,0.353,6.35,1.62,0.257,0.357
2025,KT,박건우,6,0,0,6.2,2.70,4.25,1.20,32.1,14.3,1.35,0.214,0.00,0.75,0.111,0.200,4.50,1.50,0.200,0.333
2025,KT,조이현,3,1,2,11.2,5.40,5.59,1.46,6.0,0.0,1.54,0.341,4.05,1.20,0.296,0.321,7.71,1.71,0.400,0.400
2025,KT,전용주,21,0,1,13.2,3.95,3.55,1.83,16.7,10.6,0.00,0.375,0.00,2.00,0.333,0.400,4.91,1.64,0.283,0.346
2025,KT,배제성,8,2,3,27.0,5.67,3.86,1.81,18.1,8.7,0.67,0.400,3.52,1.43,0.290,0.333,8.74,2.12,0.360,0.429
2025,KT,강백호,1,0,0,1.0,18.00,16.52,4.00,14.3,14.3,9.00,0.500,13.50,3.00,0.500,0.500,27.00,6.00,0.500,0.667
2025,KT,한차현,2,0,0,1.2,16.20,6.26,3.60,9.1,18.2,0.00,0.500,0.00,6.00,0.000,0.667,20.25,3.00,0.500,0.500
2025,KT,김재원,4,0,0,4.1,10.38,8.26,2.54,16.7,33.3,0.00,0.273,10.80,1.80,0.200,0.400,9.00,5.00,0.250,0.667
2025,KT,이채호,10,0,0,11.2,6.17,4.87,1.46,15.1,9.4,0.77,0.306,4.05,1.35,0.280,0.345,9.64,1.71,0.313,0.409
2025,KT,김동현,3,0,0,3.1,13.50,10.94,3.00,21.1,15.8,5.40,0.500,13.50,1.88,0.364,0.417,13.50,7.50,0.600,0.714
2025,KT,이정현,6,0,0,4.1,16.62,5.88,3.00,11.1,14.8,0.00,0.474,22.50,3.50,0.545,0.538,11.57,2.57,0.300,0.500
2025,KT,최동환,20,1,1,18.2,8.68,7.32,2.09,9.9,13.2,1.93,0.354,11.25,2.00,0.324,0.410,6.10,1.94,0.325,0.429
2025,KT,임준형,5,0,0,4.0,9.00,6.22,3.00,16.7,20.8,0.00,0.500,0.00,0.00,0.000,0.250,3.00,3.33,0.385,0.556
2025,KT,강건,2,0,1,3.2,24.55,13.46,3.82,3.8,26.9,2.46,0.429,18.00,2.50,0.500,0.556,32.40,5.40,0.500,0.667
2025,두산,잭로그,30,10,8,176.0,2.81,3.26,1.05,21.6,5.4,0.41,0.281,3.62,1.27,0.260,0.323,1.86,0.68,0.165,0.213
2025,두산,콜어빈,28,8,12,144.2,4.48,4.59,1.53,19.7,12.2,0.56,0.332,4.23,1.49,0.239,0.370,4.55,1.50,0.290,0.374
2025,두산,곽빈,19,5,7,109.1,4.20,3.71,1.25,23.0,8.8,0.74,0.286,2.89,0.71,0.166,0.195,4.88,1.63,0.252,0.360
2025,두산,최승용,23,5,7,116.1,4.41,4.37,1.35,14.0,7.1,0.62,0.297,5.09,1.45,0.277,0.340,4.02,1.34,0.263,0.322
2025,두산,최민석,17,3,3,77.2,4.40,4.85,1.36,15.9,10.2,0.81,0.281,3.52,1.17,0.192,0.298,5.11,1.57,0.293,0.373
2025,두산,김택연,64,4,5,66.1,3.53,3.71,1.18,28.1,11.0,0.81,0.263,3.99,1.02,0.192,0.282,3.31,1.27,0.206,0.309
2025,두산,최원준,47,4,7,107.0,4.71,5.70,1.34,13.6,8.3,1.51,0.264,6.66,1.27,0.239,0.312,2.83,1.35,0.275,0.330
2025,두산,이영하,73,4,4,66.2,4.05,4.09,1.53,24.1,13.0,0.54,0.341,4.11,1.43,0.252,0.362,3.34,1.58,0.252,0.368
2025,두산,박신지,54,2,4,60.0,2.85,4.56,1.40,13.6,11.0,0.45,0.275,2.45,1.21,0.231,0.309,3.60,1.60,0.268,0.372
2025,두산,양재훈,19,0,0,23.1,4.24,4.51,1.16,20.4,8.6,1.16,0.254,5.11,1.14,0.222,0.280,3.38,1.22,0.237,0.310
2025,두산,박정수,29,1,0,26.1,4.10,4.28,1.48,12.6,6.7,0.34,0.341,4.32,1.38,0.309,0.351,3.72,1.66,0.294,0.405
2025,두산,박치국,73,4,4,62.1,3.75,3.78,1.27,21.0,7.7,0.58,0.305,1.55,0.89,0.179,0.261,8.02,1.88,0.333,0.396
2025,두산,이교훈,10,1,0,7.2,1.17,3.72,1.04,24.1,13.8,0.00,0.250,0.00,0.43,0.167,0.167,1.80,1.00,0.188,0.316
2025,두산,제환유,6,0,1,16.1,4.96,6.70,1.78,10.3,15.4,1.10,0.278,1.80,1.90,0.317,0.417,11.12,1.59,0.200,0.346
2025,두산,김민규,7,1,1,9.2,4.66,6.91,1.55,12.8,12.8,0.93,0.267,6.00,1.33,0.263,0.370,0.00,1.50,0.250,0.412
2025,두산,홍민규,20,2,1,33.1,4.59,5.61,1.56,11.3,9.9,1.08,0.290,2.76,1.78,0.308,0.395,6.61,1.35,0.262,0.306
2025,두산,김한중,2,0,0,2.0,0.00,3.92,0.50,0.0,0.0,0.00,0.125,0.00,1.00,0.200,0.200,0.00,0.00,0.000,0.000
2025,두산,홍건희,20,2,1,16.0,6.19,6.06,2.06,18.1,18.1,1.13,0.327,6.52,2.48,0.325,0.471,6.35,1.59,0.208,0.321
2025,두산,최종인,3,0,0,1.2,5.40,2.18,2.40,55.6,33.3,0.00,1.000,9.00,3.00,0.250,0.500,0.00,1.50,0.000,0.333
2025,두산,김정우,18,0,0,21.0,3.86,4.77,1.67,12.6,8.7,0.43,0.338,3.00,1.50,0.283,0.370,5.19,1.85,0.333,0.386
2025,두산,이병헌,22,0,0,13.0,6.23,5.07,1.62,16.1,17.9,0.69,0.278,6.23,0.92,0.231,0.286,6.23,1.85,0.250,0.390
2025,두산,최준호,9,1,2,16.0,8.44,7.37,1.69,14.9,12.2,2.25,0.292,8.64,1.44,0.233,0.361,9.00,1.86,0.321,0.412
2025,두산,윤태호,10,0,1,17.1,6.75,3.91,1.21,21.9,6.8,1.04,0.292,6.75,1.29,0.270,0.308,7.36,1.23,0.231,0.300
2025,두산,김유성,7,0,2,17.1,8.83,6.13,1.79,25.9,16.5,1.56,0.333,11.42,1.85,0.257,0.409,6.75,1.63,0.267,0.405
2025,두산,김명신,8,0,0,8.1,5.40,3.65,1.92,14.0,7.0,0.00,0.394,8.31,2.08,0.381,0.417,3.00,2.00,0.308,0.400
2025,두산,김호준,19,0,1,10.2,6.75,6.61,1.97,13.0,13.0,1.69,0.316,6.00,1.33,0.111,0.333,4.91,1.77,0.313,0.371
2025,두산,최지강,39,2,5,32.2,6.34,3.47,1.65,25.5,8.7,0.83,0.422,5.09,1.42,0.290,0.355,6.14,1.64,0.281,0.369
2025,두산,고효준,45,2,1,21.0,6.86,6.06,2.05,18.3,13.5,1.71,0.391,12.27,2.18,0.313,0.421,5.40,1.92,0.318,0.423
2025,한화,폰세,29,17,1,180.2,1.89,1.92,0.94,36.2,5.9,0.50,0.307,2.37,0.92,0.192,0.246,1.47,0.95,0.201,0.258
2025,한화,와이스,30,16,5,178.2,2.87,3.12,1.02,28.6,7.7,0.66,0.264,2.93,0.93,0.189,0.258,3.05,1.09,0.198,0.281
2025,한화,류현진,26,9,7,139.1,3.23,3.37,1.21,21.3,4.4,0.78,0.325,4.09,1.36,0.285,0.329,2.23,1.09,0.251,0.279
2025,한화,한승혁,71,3,3,64.0,2.25,4.09,1.23,19.7,8.6,0.56,0.289,2.16,1.32,0.248,0.312,2.54,1.24,0.238,0.353
2025,한화,문동주,24,11,5,121.0,4.02,2.72,1.18,26.9,6.2,0.52,0.326,4.02,1.08,0.232,0.279,3.73,1.28,0.250,0.307
2025,한화,김서현,69,2,4,66.0,3.14,3.70,1.26,25.4,11.1,0.55,0.298,2.97,1.12,0.214,0.325,3.27,1.33,0.230,0.329
2025,한화,김범수,73,2,1,48.0,2.25,3.45,1.08,21.0,11.3,0.00,0.238,4.60,1.21,0.196,0.303,1.15,0.99,0.176,0.276
2025,한화,조동욱,68,3,3,60.0,4.05,4.63,1.77,15.2,10.2,0.60,0.363,5.40,2.58,0.388,0.462,3.70,1.45,0.272,0.356
2025,한화,정우주,51,3,0,53.2,2.85,3.28,1.02,36.0,9.2,1.01,0.264,3.86,0.96,0.183,0.274,1.66,1.11,0.169,0.309
2025,한화,김종수,63,4,5,63.2,3.25,4.55,1.46,20.9,12.8,0.71,0.299,3.78,1.56,0.236,0.368,2.12,1.25,0.238,0.308
2025,한화,박상원,74,4,3,66.2,4.19,4.07,1.32,17.7,7.1,0.54,0.307,4.91,1.42,0.282,0.342,2.79,1.07,0.206,0.292
2025,한화,황준서,23,2,8,56.0,5.30,4.46,1.43,23.6,10.7,1.13,0.313,3.86,1.10,0.207,0.290,7.59,1.92,0.330,0.406
2025,한화,윤산흠,12,0,0,16.2,3.78,3.62,1.26,23.3,6.8,0.54,0.319,4.32,0.96,0.250,0.314,3.38,1.50,0.226,0.333
2025,한화,김기중,5,0,1,14.2,3.07,4.08,1.50,12.1,9.1,0.00,0.314,1.35,1.65,0.259,0.344,5.40,1.50,0.308,0.379
2025,한화,이태양,14,0,1,11.1,3.97,3.85,1.68,15.7,9.8,0.00,0.389,3.60,2.20,0.364,0.462,4.50,1.17,0.286,0.318
2025,한화,박준영,1,0,0,5.0,3.60,6.26,1.80,12.5,25.0,0.00,0.200,5.40,1.50,0.100,0.333,0.00,2.40,0.286,0.444
2025,한화,권민규,5,0,0,5.1,8.44,8.47,2.25,14.3,25.0,1.69,0.250,9.00,5.00,0.400,0.625,9.00,1.75,0.214,0.368
2025,한화,강재민,4,0,0,4.0,9.00,6.17,2.00,25.0,10.0,2.25,0.455,0.00,2.25,0.429,0.429,13.50,1.88,0.333,0.462
2025,한화,원종혁,2,0,0,1.2,16.20,6.26,3.00,10.0,20.0,5.40,0.200,0.00,4.50,0.333,0.600,40.50,3.00,0.667,0.500
2025,한화,주현상,48,5,2,41.2,5.18,4.98,1.66,19.2,5.2,1.73,0.384,4.76,1.72,0.347,0.377,5.82,1.71,0.319,0.388
2025,한화,김승일,5,0,0,2.2,23.63,12.77,2.25,17.6,17.6,3.38,0.286,9.00,2.00,0.000,0.400,32.40,2.40,0.375,0.500
2025,한화,엄상백,28,2,7,80.2,6.58,5.37,1.79,19.5,10.0,1.45,0.383,6.75,1.73,0.329,0.399,6.64,1.81,0.314,0.408
2025,한화,이상규,5,0,1,9.0,8.00,3.95,2.22,10.6,8.5,0.00,0.421,11.25,1.50,0.278,0.316,5.40,2.80,0.440,0.500
2025,키움,알칸타라,19,8,4,121.0,3.27,3.47,1.12,18.7,2.0,0.82,0.309,3.04,1.07,0.256,0.281,3.27,1.12,0.269,0.285
2025,키움,로젠버그,13,4,4,75.1,3.23,3.29,1.17,25.0,7.8,0.60,0.286,2.06,1.03,0.197,0.280,5.16,1.35,0.240,0.301
2025,키움,하영민,28,7,14,153.1,4.99,3.79,1.37,20.0,6.1,0.76,0.336,5.27,1.37,0.271,0.330,4.54,1.31,0.278,0.324
2025,키움,주승우,42,2,2,44.0,2.45,5.21,1.18,19.6,9.5,1.43,0.241,3.20,1.27,0.221,0.321,2.05,1.09,0.220,0.289
2025,키움,오석주,53,2,1,58.1,3.70,4.82,1.39,17.5,11.5,0.62,0.291,5.04,1.55,0.266,0.388,2.39,1.14,0.215,0.299
2025,키움,메르세데스,8,3,3,46.1,4.47,3.61,1.36,20.8,4.6,0.97,0.350,3.00,1.58,0.296,0.352,5.82,1.11,0.286,0.286
2025,키움,웰스,4,1,1,20.0,3.15,3.04,1.20,18.8,7.1,0.00,0.290,4.26,1.26,0.208,0.304,0.00,1.05,0.269,0.269
2025,키움,윤석원,37,1,1,37.1,5.54,4.18,1.42,16.9,7.5,0.72,0.330,3.44,1.15,0.238,0.304,7.13,1.81,0.338,0.388
2025,키움,손힘찬,4,0,0,4.0,11.25,5.42,2.25,18.2,18.2,0.00,0.385,21.60,2.40,0.286,0.500,3.86,2.14,0.300,0.417
2025,키움,김동규,9,0,0,8.0,6.75,8.17,3.00,20.4,22.4,2.25,0.423,5.79,2.36,0.318,0.423,6.00,4.33,0.400,0.591
2025,키움,김성민,29,0,3,25.0,4.68,4.77,1.52,15.9,11.5,0.36,0.324,6.97,1.65,0.278,0.413,2.08,1.38,0.265,0.368
2025,키움,정현우,18,3,7,81.1,5.86,5.52,1.72,14.3,12.5,0.89,0.318,5.10,1.77,0.279,0.392,6.56,1.77,0.306,0.382
2025,키움,정세영,4,0,1,2.2,16.88,6.84,4.88,9.1,18.2,0.00,0.563,21.60,4.80,0.455,0.571,9.00,4.00,0.500,0.571
2025,키움,김선기,44,1,7,78.0,5.65,5.79,1.83,11.3,12.3,0.69,0.332,4.23,1.93,0.299,0.430,7.32,1.71,0.301,0.376
2025,키움,손현기,2,0,0,3.0,15.00,14.52,3.33,5.6,33.3,3.00,0.333,0.00,3.00,0.286,0.615,40.50,1.50,0.333,0.333
2025,키움,이강준,29,0,3,24.2,6.57,5.20,1.86,21.8,14.3,1.10,0.377,9.00,2.00,0.304,0.448,2.38,1.68,0.267,0.365
2025,키움,박정훈,16,0,1,23.0,7.43,7.01,1.91,6.0,17.2,0.39,0.277,4.76,1.76,0.237,0.415,9.26,1.97,0.306,0.410
2025,키움,김서준,4,0,0,5.1,20.25,9.51,3.56,11.8,14.7,3.38,0.522,23.14,4.29,0.533,0.588,16.88,3.00,0.455,0.533
2025,키움,박주성,18,2,3,52.0,6.58,5.90,1.52,11.1,6.8,1.56,0.302,4.20,1.13,0.225,0.290,10.80,1.95,0.375,0.412
2025,키움,조영건,51,5,5,77.2,5.68,5.97,1.57,13.3,10.8,1.39,0.288,4.75,1.39,0.274,0.333,6.81,1.64,0.278,0.367
2025,키움,김연주,20,1,3,51.2,6.62,6.73,1.78,11.2,10.0,1.74,0.318,4.25,1.35,0.241,0.336,9.28,2.25,0.384,0.447
2025,키움,임진묵,4,0,0,3.2,24.55,7.11,4.09,10.7,17.9,0.00,0.526,13.50,1.50,0.364,0.385,36.00,9.00,0.556,0.692
2025,키움,양지율,18,0,2,14.0,8.36,6.97,1.79,14.5,10.1,1.93,0.326,3.38,1.13,0.179,0.343,15.88,2.82,0.433,0.485
2025,키움,박윤성,54,0,5,51.2,4.53,5.29,1.43,17.7,8.4,1.57,0.299,4.07,1.64,0.283,0.360,5.33,1.22,0.260,0.311
2025,키움,김윤하,19,0,12,88.0,6.14,6.31,1.78,12.3,10.4,1.64,0.321,6.00,1.73,0.305,0.376,6.28,1.86,0.313,0.393
2025,키움,이준우,31,1,4,23.0,8.61,5.92,2.13,18.6,10.2,2.35,0.405,8.25,2.00,0.358,0.414,8.44,1.97,0.326,0.415
2025,키움,전준표,21,2,2,20.1,8.85,6.55,2.56,13.2,16.7,0.89,0.431,9.58,2.32,0.333,0.473,8.68,2.89,0.419,0.528
2025,키움,윤현,17,2,1,22.0,8.59,7.37,2.45,12.0,18.4,0.82,0.363,12.19,2.23,0.333,0.458,4.76,2.47,0.311,0.468
2025,키움,원종현,61,2,4,54.1,6.13,4.29,1.58,16.1,7.3,0.83,0.360,4.86,1.32,0.274,0.333,7.65,1.90,0.364,0.406
2025,KIA,네일,27,8,4,164.1,2.25,3.13,1.07,22.9,6.2,0.33,0.291,2.32,0.92,0.216,0.269,2.22,1.22,0.237,0.313
2025,KIA,올러,26,11,7,149.0,3.62,2.90,1.15,27.3,7.6,0.48,0.306,3.66,1.15,0.224,0.297,3.39,1.06,0.210,0.272
2025,KIA,성영탁,45,3,2,52.1,1.55,3.74,0.97,15.2,6.6,0.34,0.238,1.50,0.90,0.193,0.233,1.83,1.17,0.258,0.319
2025,KIA,전상현,74,7,5,70.0,3.34,3.73,1.20,17.2,6.9,0.51,0.282,2.95,0.96,0.223,0.253,3.94,1.45,0.252,0.338
2025,KIA,조상우,72,6,6,60.0,3.90,4.27,1.52,20.3,10.0,0.75,0.343,3.31,1.42,0.252,0.360,2.74,1.57,0.298,0.365
2025,KIA,김도현,24,4,7,125.1,4.81,4.64,1.45,12.7,5.9,0.79,0.322,2.87,1.18,0.245,0.305,7.19,1.79,0.346,0.393
2025,KIA,양현종,30,7,9,153.0,5.06,4.35,1.49,16.1,8.4,0.71,0.327,4.45,1.42,0.264,0.338,6.59,1.68,0.329,0.373
2025,KIA,정해영,60,3,7,61.2,3.79,2.86,1.51,26.2,6.5,0.58,0.401,3.41,1.55,0.309,0.348,4.50,1.57,0.298,0.363
2025,KIA,김기훈,24,1,1,27.2,3.25,3.61,1.27,23.1,8.5,0.65,0.303,3.14,1.19,0.245,0.305,3.46,1.23,0.234,0.296
2025,KIA,김태형,8,0,3,23.2,4.56,6.07,1.35,13.1,6.5,1.52,0.284,4.73,1.43,0.294,0.357,4.50,1.30,0.250,0.348
2025,KIA,김현수,18,0,0,18.1,2.45,5.46,1.64,12.8,15.1,0.98,0.259,2.25,2.00,0.351,0.415,2.79,1.34,0.129,0.317
2025,KIA,윤영철,13,2,7,50.0,5.58,4.70,1.64,18.9,13.2,0.72,0.324,3.20,1.78,0.247,0.400,8.10,1.37,0.274,0.317
2025,KIA,김민재,1,0,0,2.0,0.00,2.67,1.00,12.5,0.0,0.00,0.286,0.00,1.50,0.333,0.333,0.00,1.00,0.250,0.250
2025,KIA,윤중현,13,1,0,10.1,4.35,6.08,1.65,14.6,14.6,1.74,0.258,5.40,1.20,0.174,0.296,0.00,2.33,0.357,0.438
2025,KIA,황동하,18,1,2,35.2,5.30,4.25,1.35,20.0,6.5,1.01,0.327,3.74,0.97,0.215,0.279,9.00,2.17,0.385,0.441
2025,KIA,유지성,1,0,0,1.0,0.00,3.92,0.00,0.0,0.0,0.00,0.000,0.00,0.00,0.000,0.000,0.00,0.00,0.000,0.000
2025,KIA,유승철,1,0,0,2.0,4.50,3.37,2.50,27.3,18.2,0.00,0.500,0.00,0.75,0.000,0.200,13.50,6.00,0.600,0.667
2025,KIA,김정엽,2,0,0,1.0,18.00,10.32,1.00,0.0,20.0,0.00,0.000,54.00,3.00,0.000,0.667,0.00,0.00,0.000,0.000
2025,KIA,장재혁,3,0,0,3.0,6.00,9.42,2.00,15.4,23.1,3.00,0.286,5.40,1.20,0.200,0.333,6.75,3.00,0.400,0.571
2025,KIA,이도현,6,1,1,13.0,6.92,5.32,1.92,13.8,12.3,0.69,0.348,3.72,1.34,0.222,0.326,18.00,4.00,0.500,0.571
2025,KIA,김대유,15,0,1,8.1,9.72,5.98,1.92,7.1,9.5,1.08,0.324,21.60,2.40,0.286,0.444,6.75,1.65,0.310,0.344
2025,KIA,홍원빈,2,0,0,1.2,27.00,10.10,3.60,9.1,36.4,0.00,0.333,67.50,3.00,0.500,0.500,0.00,4.00,0.250,0.571
2025,KIA,이준영,57,3,1,34.0,4.76,4.55,1.38,23.4,7.6,1.59,0.326,9.00,1.88,0.281,0.395,3.55,1.26,0.276,0.311
2025,KIA,김민주,3,0,0,3.0,12.00,6.52,2.00,11.8,11.8,0.00,0.364,5.40,1.20,0.286,0.286,20.25,3.00,0.400,0.600
2025,KIA,최지민,66,2,4,53.1,6.58,6.51,1.82,15.4,20.2,0.84,0.270,5.79,1.80,0.214,0.382,7.14,1.72,0.238,0.409
2025,KIA,이성원,4,0,0,2.2,16.88,9.51,2.63,15.8,21.1,0.00,0.333,36.00,4.00,0.333,0.636,5.40,1.80,0.167,0.375
2025,KIA,곽도규,9,0,0,4.0,13.50,7.19,2.25,22.7,27.3,0.00,0.333,27.00,4.50,0.333,0.600,12.00,1.67,0.111,0.467
2025,KIA,김시훈,9,1,0,9.2,7.45,7.13,1.55,16.3,9.3,2.79,0.276,9.00,1.83,0.333,0.407,5.40,1.20,0.214,0.267
2025,KIA,이의리,10,1,4,39.2,7.94,5.81,1.82,21.8,16.1,1.36,0.324,7.04,1.70,0.233,0.374,8.04,1.79,0.279,0.392
2025,KIA,임기영,10,1,1,9.0,13.00,6.60,3.00,9.6,7.7,2.00,0.525,7.50,2.83,0.483,0.531,27.00,3.75,0.529,0.556
2025,KIA,이호민,13,1,0,14.2,8.59,4.91,2.05,9.7,12.5,0.00,0.404,5.14,2.14,0.407,0.469,12.86,2.14,0.345,0.472
2025,KIA,이형범,12,0,0,10.0,11.70,3.70,2.60,10.7,8.9,0.00,0.477,11.37,2.68,0.467,0.486,12.27,2.45,0.389,0.450
2025,KIA,김건국,26,0,3,46.0,6.85,6.61,1.65,14.4,7.9,2.15,0.318,5.33,1.52,0.279,0.361,9.53,1.94,0.375,0.412
2025,KIA,한재승,18,1,0,15.1,10.57,6.96,2.15,23.0,16.2,2.35,0.436,9.82,2.59,0.419,0.513,12.86,1.86,0.308,0.406
2025,NC,라일리,30,17,7,172.0,3.45,3.12,1.12,30.5,7.9,0.94,0.286,3.48,1.03,0.215,0.264,3.56,1.24,0.214,0.295
2025,NC,로건,32,7,12,173.0,4.53,4.39,1.43,19.4,8.7,0.94,0.310,5.44,1.43,0.268,0.338,3.36,1.46,0.261,0.337
2025,NC,신민혁,28,6,3,132.0,4.77,5.18,1.32,14.8,4.6,1.57,0.294,5.81,1.52,0.300,0.351,3.94,1.17,0.265,0.294
2025,NC,류진욱,62,4,3,66.0,3.27,4.44,1.18,20.7,10.2,0.82,0.250,4.26,1.14,0.200,0.313,2.43,1.23,0.225,0.304
2025,NC,김진호,76,4,3,72.1,3.36,4.67,1.35,22.2,14.2,0.62,0.260,3.86,1.38,0.198,0.356,3.08,1.39,0.217,0.337
2025,NC,김영규,45,4,3,44.0,2.86,4.05,1.32,18.5,9.5,0.61,0.296,2.81,1.50,0.250,0.352,2.96,1.21,0.253,0.318
2025,NC,배재환,70,2,4,60.1,4.48,4.84,1.41,18.8,13.7,0.45,0.276,3.00,1.37,0.211,0.372,6.28,1.53,0.243,0.366
2025,NC,전사민,74,7,7,82.1,4.26,4.02,1.45,16.8,8.9,0.33,0.328,3.66,1.47,0.260,0.377,4.68,1.37,0.283,0.331
2025,NC,손주환,52,6,1,51.2,4.35,4.52,1.39,16.5,8.5,0.87,0.298,4.75,1.02,0.222,0.267,3.92,1.89,0.319,0.388
2025,NC,구창모,4,1,0,14.1,2.51,2.28,1.19,30.5,5.1,0.63,0.351,1.29,1.14,0.200,0.286,3.68,1.23,0.290,0.290
2025,NC,한재승,18,0,0,18.0,3.00,5.46,2.11,20.7,21.8,0.50,0.367,4.32,2.04,0.250,0.415,1.86,2.07,0.286,0.444
2025,NC,김녹원,21,3,4,70.0,6.56,6.58,1.74,11.3,14.4,1.29,0.289,5.65,1.81,0.243,0.400,7.55,1.78,0.310,0.392
2025,NC,목지훈,16,3,5,58.0,6.05,5.75,1.90,16.1,15.0,0.93,0.344,5.47,1.63,0.280,0.375,6.98,2.19,0.322,0.453
2025,NC,소이현,7,0,0,8.0,5.63,6.18,1.50,8.3,19.4,0.00,0.208,3.60,1.20,0.263,0.333,10.13,2.25,0.000,0.462
2025,NC,임지민,7,0,1,4.2,3.86,3.60,1.29,35.0,25.0,0.00,0.125,0.00,1.50,0.000,0.333,5.40,1.20,0.091,0.286
2025,NC,조민석,6,0,1,13.0,6.92,9.10,1.77,6.6,18.0,2.08,0.220,8.64,1.32,0.185,0.371,4.15,2.54,0.350,0.458
2025,NC,도태훈,1,0,0,1.0,9.00,13.32,3.00,16.7,0.0,9.00,0.500,99.99,99.99,1.000,1.000,0.00,1.50,0.333,0.333
2025,NC,임상현,1,0,0,1.0,18.00,13.52,5.00,0.0,37.5,0.00,0.400,13.50,3.00,0.333,0.500,27.00,9.00,0.500,0.750
2025,NC,김민규,7,0,0,4.2,7.71,4.90,1.93,8.7,17.4,0.00,0.294,10.13,2.63,0.385,0.467,5.40,1.20,0.000,0.286
2025,NC,김태현,5,0,0,3.0,12.00,15.52,2.67,11.8,17.6,6.00,0.375,27.00,9.00,1.000,1.000,10.13,1.88,0.300,0.462
2025,NC,하준영,10,1,1,5.1,6.75,5.17,3.19,15.2,21.2,0.00,0.476,9.00,6.00,0.600,0.750,6.23,2.54,0.333,0.440
2025,NC,신영우,8,1,3,14.1,7.53,6.51,1.67,27.9,23.5,1.26,0.222,7.20,2.80,0.250,0.536,7.71,1.07,0.133,0.308
2025,NC,김태훈,18,0,0,19.0,5.21,8.10,1.74,9.6,17.0,1.90,0.206,3.12,1.27,0.129,0.308,6.30,2.10,0.279,0.404
2025,NC,최우석,12,0,0,14.1,8.16,4.14,2.23,20.0,12.0,0.63,0.449,4.50,1.38,0.250,0.314,11.37,3.00,0.433,0.514
2025,NC,김시훈,15,0,0,16.0,8.44,6.17,1.75,14.7,8.0,2.25,0.333,5.87,2.22,0.344,0.447,9.00,1.25,0.294,0.286
2025,NC,이용찬,12,1,2,15.1,10.57,5.75,2.28,16.9,14.5,0.59,0.423,13.50,1.73,0.343,0.429,7.50,3.00,0.333,0.514
2025,NC,이준혁,25,1,3,37.0,7.30,6.54,1.70,17.6,11.8,1.95,0.337,6.30,1.45,0.274,0.386,6.75,1.94,0.333,0.432
2025,NC,최성영,35,2,2,47.2,6.23,5.70,1.89,14.5,12.3,1.13,0.364,5.40,1.80,0.304,0.391,6.49,1.94,0.343,0.432
2025,NC,김재열,22,0,1,21.2,6.23,7.33,2.22,14.4,14.4,2.08,0.380,8.44,2.53,0.396,0.483,4.50,2.00,0.333,0.426
2025,NC,김태경,6,0,0,11.0,10.64,8.88,2.45,16.1,14.5,3.27,0.400,12.00,1.50,0.292,0.370,9.64,3.86,0.458,0.594
2025,NC,임정호,31,1,1,18.2,4.82,5.88,1.45,17.0,10.2,1.45,0.278,0.00,1.31,0.250,0.318,6.75,1.50,0.255,0.381
