Year,Team,Player,G,W,L,IP,ERA,FIP,WHIP,K%,BB%,HR/9,BABIP,V_R_ERA,V_R_WHIP,V_R_AVG,V_R_OBP,V_L_ERA,V_L_WHIP,V_L_AVG,V_L_OBP
2025,LG,치리노스,30,13,6,177.0,3.31,3.13,1.18,18.6,4.9,0.25,0.31,3.12,1.05,0.238,0.284,3.69,1.36,0.271,0.318
2025,LG,임찬규,27,11,7,160.1,3.03,3.82,1.27,16.0,6.0,0.51,0.306,3.06,1.29,0.282,0.324,3.05,1.28,0.251,0.31
2025,LG,손주영,30,11,6,153.0,3.41,3.49,1.32,20.5,7.6,0.47,0.325,3.48,1.44,0.279,0.347,3.12,1.15,0.242,0.284
2025,LG,송승기,28,11,6,144.0,3.5,4.1,1.38,19.9,7.8,0.94,0.309,3.6,1.34,0.261,0.314,3.4,1.42,0.26,0.325
2025,LG,김영우,66,3,2,60.0,2.4,3.64,1.32,22.0,11.8,0.3,0.296,1.95,1.21,0.207,0.308,3.08,1.44,0.253,0.351
2025,LG,톨허스트,8,6,2,44.0,2.86,3.21,1.25,24.5,8.7,0.41,0.314,3.43,1.38,0.241,0.333,2.45,1.18,0.244,0.3
2025,LG,에르난데스,14,4,4,66.0,4.23,3.82,1.17,26.4,8.7,0.96,0.275,3.91,1.22,0.215,0.318,4.26,1.13,0.229,0.284
2025,LG,유영찬,39,2,2,41.0,2.63,3.2,1.32,29.4,13.0,0.44,0.302,2.77,1.0,0.17,0.267,2.51,1.88,0.259,0.403
2025,LG,장현식,56,3,3,49.2,4.35,4.58,1.73,16.2,9.0,0.73,0.374,3.42,1.73,0.327,0.394,3.86,1.56,0.291,0.365
2025,LG,박명근,44,3,4,38.2,4.89,5.09,1.34,17.9,9.5,1.16,0.282,4.94,1.31,0.25,0.347,4.4,1.33,0.231,0.328
2025,LG,이정용,39,6,1,34.0,5.03,4.37,1.29,18.7,8.6,0.79,0.305,4.86,1.26,0.23,0.319,4.86,1.26,0.271,0.338
2025,LG,김진성,78,6,4,70.2,3.44,3.91,1.2,21.6,8.2,0.89,0.277,2.56,0.91,0.206,0.236,4.75,1.55,0.27,0.353
2025,LG,이우찬,23,0,1,19.0,1.89,3.81,1.42,23.3,16.3,0.0,0.26,1.23,1.5,0.207,0.343,2.7,1.4,0.194,0.326
2025,LG,김강률,12,1,0,12.1,1.46,4.43,1.22,17.6,15.7,0.0,0.212,1.59,1.41,0.222,0.391,1.35,0.9,0.087,0.222
2025,LG,최채흥,13,0,1,29.0,5.28,4.99,1.69,15.9,10.6,0.93,0.344,5.02,1.67,0.281,0.373,5.93,1.54,0.288,0.362
2025,LG,임준형,5,0,0,4.2,1.93,4.22,1.29,11.1,11.1,0.0,0.308,0.0,2.4,0.429,0.5,4.5,1.0,0.167,0.286
2025,LG,백승현,33,1,0,30.0,3.9,5.45,1.87,18.5,19.2,0.6,0.302,3.06,1.92,0.275,0.412,4.38,1.7,0.2,0.362
2025,LG,배재준,14,0,0,13.0,5.54,4.11,1.23,25.0,12.5,0.69,0.242,3.86,0.57,0.13,0.16,7.5,2.0,0.25,0.419
2025,LG,우강훈,11,0,0,9.2,4.66,5.27,1.86,10.9,13.0,0.0,0.364,0.0,1.42,0.238,0.407,13.5,2.7,0.438,0.474
2025,LG,이종준,2,0,0,1.2,0.0,2.84,0.6,33.3,16.7,0.0,0.0,0.0,0.0,0.0,0.0,0.0,1.5,0.0,0.333
2025,LG,박시원,2,0,0,1.1,13.5,15.92,3.75,0.0,55.6,0.0,0.0,0.0,3.0,0.0,0.5,27.0,3.0,0.0,0.5
2025,LG,이지강,43,1,2,47.1,5.32,4.55,1.56,18.5,11.4,0.76,0.322,4.13,1.16,0.221,0.287,7.64,2.32,0.351,0.457
2025,LG,김주온,1,0,1,0.1,27.0,34.82,6.0,20.0,40.0,0.0,,,,,1.0,27.0,6.0,0.0,0.75
2025,LG,코엔 윈,5,1,1,23.0,7.04,6.37,1.39,7.5,3.7,1.57,0.286,5.91,1.22,0.267,0.353,8.74,1.5,0.311,0.347
2025,LG,함덕주,31,2,3,27.0,6.0,4.09,1.19,23.0,15.9,0.33,0.203,5.14,1.29,0.18,0.3,7.11,1.03,0.135,0.277
2025,LG,김진수,4,0,0,5.0,9.0,6.32,2.4,22.2,3.7,3.6,0.5,6.0,2.0,0.357,0.4,9.0,2.5,0.455,0.455
2025,LG,김종운,2,0,0,1.2,5.4,15.2,1.2,28.6,0.0,10.8,0.0,0.0,1.5,0.333,0.333,9.0,1.0,0.25,0.25
2025,LG,정우영,4,0,0,2.2,20.25,11.57,1.88,23.1,30.8,3.38,0.0,21.6,1.2,0.2,0.429,0.0,2.0,0.0,0.4
2025,LG,김유영,6,0,0,4.1,12.46,4.73,2.77,19.2,15.4,0.0,0.533,9.0,3.5,0.333,0.538,13.5,2.0,0.444,0.5
2025,LG,성동현,12,0,0,9.0,9.0,8.1,2.11,13.3,20.0,2.0,0.296,12.71,2.12,0.304,0.429,3.0,2.33,0.273,0.467
2025,삼성,후라도,30,15,8,197.1,2.6,3.79,1.08,18.1,4.6,0.78,0.275,2.42,1.03,0.228,0.272,2.51,1.13,0.252,0.287
2025,삼성,원태인,27,12,4,166.2,3.24,4.36,1.1,16.1,4.0,1.08,0.275,4.11,1.12,0.256,0.291,2.29,1.1,0.248,0.287
2025,삼성,가라비토,15,4,4,78.1,2.64,3.91,1.19,25.7,11.3,0.69,0.263,2.25,0.98,0.174,0.265,2.75,1.33,0.208,0.335
2025,삼성,최원태,27,8,7,124.1,4.92,4.59,1.44,19.7,9.2,0.94,0.322,4.31,1.3,0.275,0.338,5.34,1.5,0.26,0.355
2025,삼성,백정현,29,2,0,32.1,1.95,2.78,0.8,24.2,5.5,0.28,0.212,2.3,1.02,0.196,0.254,1.72,0.57,0.143,0.186
2025,삼성,김태훈,73,2,6,66.1,4.48,3.87,1.39,25.8,9.1,1.09,0.33,4.89,1.37,0.258,0.331,3.6,1.33,0.241,0.313
2025,삼성,레예스,10,4,3,50.0,4.14,4.32,1.26,16.3,5.6,0.9,0.293,4.95,1.35,0.253,0.315,2.79,1.03,0.238,0.281
2025,삼성,양창섭,33,3,3,63.0,3.43,4.12,1.37,16.3,6.9,0.43,0.325,2.97,1.26,0.262,0.343,4.13,1.55,0.306,0.365
2025,삼성,배찬승,65,2,3,50.2,3.91,4.02,1.66,24.5,14.6,0.53,0.353,5.48,1.64,0.263,0.385,2.22,1.45,0.226,0.333
2025,삼성,김재윤,63,4,7,57.2,4.99,4.84,1.21,17.8,5.4,1.56,0.272,3.98,1.2,0.258,0.291,5.04,1.2,0.239,0.297
2025,삼성,이승민,62,3,2,64.1,3.78,4.18,1.35,18.9,9.3,0.7,0.298,5.67,1.59,0.294,0.361,1.53,1.05,0.185,0.279
2025,삼성,이재익,7,1,0,7.1,1.23,2.75,1.36,19.4,6.5,0.0,0.348,0.0,1.29,0.222,0.3,1.8,1.4,0.3,0.333
2025,삼성,이재희,11,0,2,9.0,3.0,3.2,1.33,23.1,12.8,0.0,0.28,3.6,1.4,0.211,0.318,2.7,1.5,0.231,0.333
2025,삼성,김대호,11,0,1,21.0,5.14,5.79,1.9,18.1,14.3,1.29,0.333,4.85,1.77,0.294,0.377,3.86,1.71,0.185,0.371
2025,삼성,양현,4,0,0,3.1,0.0,6.05,1.5,6.7,20.0,0.0,0.182,0.0,0.86,0.0,0.222,0.0,3.0,0.4,0.5
2025,삼성,황동재,15,0,1,20.2,6.97,4.31,1.98,21.2,13.5,0.44,0.4,5.54,1.23,0.24,0.309,9.0,3.43,0.4,0.543
2025,삼성,송은범,5,0,0,6.0,4.5,4.69,2.0,7.1,10.7,0.0,0.409,5.06,1.69,0.368,0.429,0.0,9.0,0.5,0.6
2025,삼성,이상민,1,0,0,1.0,0.0,1.42,2.0,20.0,0.0,0.0,0.5,0.0,3.0,0.5,0.5,0.0,0.0,0.0,0.0
2025,삼성,최성훈,2,0,0,1.0,9.0,4.62,2.0,20.0,20.0,0.0,0.333,0.0,0.0,0.0,0.0,27.0,6.0,0.5,0.667
2025,삼성,육선엽,27,0,1,28.2,5.34,6.6,1.64,14.3,18.0,1.26,0.229,3.45,1.6,0.2,0.362,7.62,1.69,0.235,0.361
2025,삼성,이호성,58,7,4,55.1,6.34,4.1,1.5,27.4,11.5,1.14,0.331,5.22,1.47,0.259,0.341,7.2,1.48,0.238,0.328
2025,삼성,홍원표,2,0,1,2.0,4.5,5.87,2.5,8.3,16.7,0.0,0.429,0.0,6.0,0.5,0.75,5.4,1.8,0.4,0.429
2025,삼성,임창민,16,1,0,13.0,4.85,9.06,1.85,9.5,11.1,3.46,0.279,5.4,2.1,0.379,0.441,4.76,1.59,0.227,0.346
2025,삼성,오승환,12,0,0,9.0,8.0,4.36,2.0,15.6,6.7,1.0,0.412,3.38,1.5,0.273,0.333,9.82,2.45,0.444,0.45
2025,삼성,정민성,1,0,1,1.0,36.0,10.32,3.0,0.0,0.0,0.0,0.6,99.99,99.99,1.0,1.0,9.0,1.0,0.333,0.5
2025,삼성,최충연,4,0,0,1.2,37.8,15.32,5.4,6.7,13.3,5.4,0.6,27.0,3.0,0.5,0.5,81.0,15.0,0.75,0.857
2025,SSG,앤더슨,30,12,7,171.2,2.25,2.37,1.0,35.3,7.3,0.68,0.29,2.0,1.01,0.196,0.268,2.6,1.01,0.194,0.261
2025,SSG,화이트,24,11,4,134.2,2.87,3.38,1.15,24.4,7.8,0.6,0.283,3.12,1.16,0.216,0.291,2.35,1.11,0.22,0.287
2025,SSG,조병현,69,5,4,67.1,1.6,2.63,0.89,31.0,7.1,0.67,0.243,2.02,0.98,0.185,0.255,1.24,0.79,0.167,0.213
2025,SSG,노경은,77,3,6,80.0,2.14,3.05,1.06,21.3,7.8,0.23,0.272,2.21,1.04,0.229,0.277,1.55,1.03,0.196,0.274
2025,SSG,이로운,75,6,5,77.0,1.99,3.77,1.06,21.6,8.5,0.82,0.243,1.95,1.08,0.212,0.274,1.89,1.03,0.197,0.267
2025,SSG,김민,70,5,2,63.2,2.97,3.83,1.21,24.4,6.4,0.99,0.317,2.28,1.06,0.236,0.289,4.58,1.53,0.289,0.372
2025,SSG,김광현,28,10,10,144.0,5.0,3.77,1.49,21.7,7.9,0.81,0.355,5.63,1.5,0.293,0.349,4.15,1.31,0.264,0.316
2025,SSG,문승원,23,4,7,105.1,5.13,5.58,1.4,13.5,8.4,1.37,0.285,4.94,1.37,0.285,0.342,5.32,1.45,0.264,0.343
2025,SSG,김건우,35,5,4,66.0,3.82,4.37,1.55,22.6,16.3,0.27,0.295,2.21,1.18,0.17,0.298,6.26,2.09,0.286,0.445
2025,SSG,최민준,40,2,2,65.2,3.97,4.65,1.46,15.3,8.4,0.82,0.325,2.88,1.4,0.291,0.35,5.16,1.55,0.293,0.362
2025,SSG,전영준,34,1,5,52.2,4.61,4.26,1.41,24.1,11.4,0.85,0.321,4.85,1.21,0.18,0.333,3.32,1.66,0.322,0.375
2025,SSG,김택형,25,0,0,22.2,2.78,4.21,1.28,14.7,10.5,0.0,0.284,4.32,1.2,0.25,0.314,1.93,1.36,0.229,0.362
2025,SSG,박시후,52,6,2,52.1,3.27,5.45,1.41,14.7,12.6,0.86,0.258,3.6,1.3,0.231,0.318,3.38,1.6,0.252,0.382
2025,SSG,한두솔,44,2,0,36.1,4.95,4.06,1.79,16.0,11.2,0.25,0.378,6.75,1.95,0.34,0.413,4.03,1.66,0.295,0.38
2025,SSG,박기호,18,0,0,24.0,3.0,6.59,1.46,11.8,10.9,1.13,0.282,3.07,1.36,0.291,0.412,3.24,1.56,0.25,0.382
2025,SSG,송영진,21,2,5,63.1,5.83,5.89,1.71,13.9,10.8,1.42,0.333,7.63,1.92,0.344,0.418,3.72,1.59,0.287,0.368
2025,SSG,신지환,1,0,0,1.0,0.0,4.62,0.0,25.0,0.0,0.0,0.0,0.0,0.0,0.0,0.0,0.0,0.0,0.0,0.0
2025,SSG,김성민,2,1,0,0.2,0.0,13.52,3.0,0.0,50.0,0.0,0.0,0.0,0.0,0.0,0.0,,99.99,,1.0
2025,SSG,최현석,13,0,0,17.1,6.23,7.24,1.56,14.3,7.8,2.6,0.302,3.24,1.68,0.361,0.41,9.72,1.56,0.258,0.361
2025,SSG,서진용,2,0,0,1.1,6.75,11.12,3.0,0.0,42.9,0.0,0.25,0.0,0.75,0.0,0.25,99.99,99.99,1.0,1.0
2025,SSG,박종훈,5,0,2,19.0,7.11,8.98,1.74,11.1,20.0,1.9,0.212,5.87,1.7,0.192,0.417,7.59,1.88,0.263,0.451
2025,SSG,정동윤,12,0,0,17.1,8.31,5.06,1.9,20.7,14.6,1.04,0.38,8.1,1.7,0.289,0.378,9.0,2.29,0.345,0.457
2025,롯데,데이비슨,22,10,5,123.1,3.65,3.85,1.39,22.5,9.1,0.73,0.329,4.48,1.39,0.258,0.344,2.08,1.41,0.267,0.326
2025,롯데,나균안,28,3,7,137.1,3.87,4.22,1.41,19.3,8.3,0.85,0.317,3.58,1.26,0.242,0.318,4.35,1.62,0.302,0.354
2025,롯데,감보아,19,7,8,108.0,3.58,3.44,1.35,24.6,10.3,0.5,0.311,3.32,1.31,0.226,0.321,4.14,1.4,0.244,0.317
2025,롯데,박세웅,29,11,13,160.2,4.93,3.84,1.48,21.6,7.5,0.84,0.349,4.56,1.3,0.262,0.317,5.47,1.73,0.31,0.376
2025,롯데,김원중,53,4,3,60.2,2.67,3.55,1.5,25.4,12.1,0.59,0.338,2.05,1.57,0.224,0.35,3.34,1.38,0.278,0.336
2025,롯데,홍민기,25,0,2,32.0,3.09,2.17,1.09,30.2,8.5,0.0,0.312,2.16,0.72,0.164,0.217,3.52,1.43,0.241,0.338
2025,롯데,정현수,82,2,0,47.2,3.97,4.33,1.26,23.2,12.8,0.76,0.248,5.23,1.35,0.189,0.311,3.47,1.24,0.202,0.311
2025,롯데,정철원,75,8,3,70.0,4.24,4.19,1.43,17.6,9.0,0.51,0.316,4.57,1.52,0.287,0.363,3.86,1.29,0.24,0.319
2025,롯데,이민석,20,2,5,87.1,5.26,5.66,1.83,14.6,13.4,1.03,0.33,6.0,1.69,0.299,0.376,4.69,1.92,0.286,0.4
2025,롯데,김강현,67,2,2,72.0,4.0,5.4,1.25,11.8,6.9,1.13,0.26,3.68,1.34,0.258,0.34,5.19,1.19,0.262,0.3
2025,롯데,최준용,49,4,4,54.1,5.3,3.46,1.21,26.5,6.8,0.83,0.319,5.59,1.14,0.245,0.311,5.18,1.36,0.247,0.318
2025,롯데,반즈,8,3,4,45.2,5.32,4.21,1.4,18.6,8.3,0.79,0.305,5.74,1.35,0.255,0.325,4.58,1.47,0.267,0.329
2025,롯데,송재영,46,1,0,27.0,4.0,5.49,1.59,23.1,19.8,1.0,0.246,2.7,1.95,0.296,0.406,4.43,1.48,0.164,0.341
2025,롯데,정우준,3,0,0,3.1,5.4,2.63,1.8,18.8,0.0,0.0,0.5,3.86,1.29,0.333,0.4,9.0,3.0,0.5,0.5
2025,롯데,박진,51,3,3,69.1,5.32,4.89,1.41,16.6,7.3,1.3,0.303,7.23,1.39,0.282,0.321,3.16,1.34,0.258,0.318
2025,롯데,한현희,3,0,0,8.2,6.23,5.46,1.73,19.5,4.9,2.08,0.393,13.5,1.88,0.417,0.417,3.0,1.67,0.308,0.379
2025,롯데,정성종,2,0,0,2.1,3.86,9.02,1.29,0.0,0.0,3.86,0.222,4.5,0.5,0.143,0.143,0.0,6.0,0.667,0.667
2025,롯데,윤성빈,31,1,2,27.0,7.67,3.89,1.7,33.8,15.4,1.0,0.39,6.75,1.73,0.231,0.375,8.31,1.77,0.269,0.406
2025,롯데,이영재,3,0,0,2.0,9.0,8.97,2.5,18.2,0.0,4.5,0.571,0.0,1.5,0.4,0.4,27.0,4.5,0.6,0.667
2025,롯데,김태현,1,0,0,2.0,4.5,7.82,2.5,16.7,33.3,0.0,0.167,0.0,1.5,0.0,0.333,13.5,4.5,0.333,0.5
2025,롯데,심재민,4,1,0,3.0,3.0,3.32,2.0,13.3,6.7,0.0,0.417,0.0,1.2,0.286,0.286,9.0,4.0,0.5,0.571
2025,롯데,박진형,7,0,0,5.1,8.44,5.61,2.25,17.2,10.3,1.69,0.4,13.5,2.25,0.308,0.4,3.38,2.25,0.385,0.429
2025,롯데,박준우,11,1,2,12.1,8.03,3.51,2.19,17.2,9.4,0.0,0.457,6.43,1.86,0.355,0.394,10.8,2.8,0.4,0.5
2025,롯데,구승민,11,0,1,9.0,7.0,5.31,1.78,22.2,15.6,1.0,0.308,13.5,1.5,0.278,0.35,2.08,2.31,0.235,0.435
2025,롯데,벨라스케즈,11,1,4,35.0,8.23,6.22,1.86,16.7,10.7,1.8,0.364,8.47,2.0,0.372,0.43,7.79,1.73,0.266,0.39
2025,롯데,박세현,3,0,0,3.2,14.73,6.18,2.45,19.0,4.8,2.46,0.5,7.71,1.71,0.364,0.364,27.0,3.75,0.5,0.6
2025,롯데,김상수,45,0,1,36.2,6.38,5.03,1.8,15.0,10.0,0.98,0.349,8.31,1.94,0.341,0.411,3.68,1.64,0.279,0.357
2025,롯데,박시영,11,1,0,7.1,11.05,5.31,2.45,23.8,21.4,0.0,0.429,3.6,0.8,0.118,0.25,27.0,5.57,0.5,0.667
2025,롯데,김진욱,14,1,3,27.0,10.0,8.24,2.15,17.6,11.8,3.33,0.39,6.75,1.79,0.308,0.418,15.0,2.89,0.458,0.5
2025,KT,고영표,29,11,8,161.0,3.3,3.14,1.24,22.5,4.4,0.56,0.341,3.79,1.18,0.267,0.307,2.7,1.33,0.278,0.332
2025,KT,소형준,26,10,7,147.1,3.3,2.99,1.25,19.9,4.7,0.37,0.331,3.82,1.19,0.278,0.298,3.01,1.3,0.262,0.314
2025,KT,오원석,25,11,8,132.1,3.67,4.04,1.38,20.0,9.2,0.68,0.317,2.82,1.46,0.254,0.342,4.45,1.34,0.278,0.335
2025,KT,헤이수스,32,9,9,163.2,3.96,3.65,1.33,23.2,6.2,0.94,0.332,3.29,1.23,0.247,0.302,5.1,1.39,0.289,0.333
2025,KT,패트릭,15,3,3,60.2,3.12,3.67,1.38,16.9,7.9,0.3,0.311,2.88,1.72,0.333,0.381,3.34,1.17,0.206,0.285
2025,KT,우규민,53,1,2,44.1,2.44,3.54,1.08,13.0,1.6,0.41,0.291,1.45,0.9,0.218,0.244,4.15,1.46,0.333,0.368
2025,KT,이상동,41,3,0,43.1,2.49,3.87,0.92,20.2,5.4,0.83,0.231,2.61,0.82,0.189,0.231,2.08,0.92,0.189,0.256
2025,KT,박영현,67,5,6,69.0,3.39,3.99,1.48,25.2,11.1,1.17,0.326,2.91,1.09,0.192,0.276,4.01,1.78,0.312,0.392
2025,KT,손동현,58,5,0,58.2,3.84,3.45,1.33,21.4,4.7,0.92,0.339,5.4,1.71,0.32,0.364,3.09,1.14,0.25,0.286
2025,KT,문용익,20,1,0,28.2,3.14,4.58,1.4,25.6,15.7,0.94,0.273,1.54,1.2,0.2,0.298,4.32,1.56,0.224,0.366
2025,KT,김민수,58,4,3,52.2,4.96,4.25,1.48,15.7,6.5,0.85,0.339,5.11,1.42,0.3,0.33,4.44,1.52,0.297,0.357
2025,KT,쿠에바스,18,3,10,98.1,5.4,5.63,1.53,13.5,10.3,1.19,0.287,5.51,1.16,0.224,0.299,5.4,1.86,0.303,0.393
2025,KT,주권,34,0,1,40.2,4.43,4.65,1.5,10.8,7.4,0.66,0.326,1.65,1.65,0.323,0.38,6.46,1.44,0.293,0.34
2025,KT,최용준,7,1,0,9.0,2.0,2.89,1.67,12.8,5.1,0.0,0.406,2.7,1.35,0.292,0.346,0.0,2.57,0.462,0.462
2025,KT,원상현,52,0,3,57.0,5.21,5.52,1.6,17.4,13.5,1.26,0.286,4.39,1.54,0.255,0.353,6.35,1.62,0.257,0.357
2025,KT,박건우,6,0,0,6.2,2.7,4.25,1.2,32.1,14.3,1.35,0.214,0.0,0.75,0.111,0.2,4.5,1.5,0.2,0.333
2025,KT,조이현,3,1,2,11.2,5.4,5.59,1.46,6.0,0.0,1.54,0.341,4.05,1.2,0.296,0.321,7.71,1.71,0.4,0.4
2025,KT,전용주,21,0,1,13.2,3.95,3.55,1.83,16.7,10.6,0.0,0.375,0.0,2.0,0.333,0.4,4.91,1.64,0.283,0.346
2025,KT,배제성,8,2,3,27.0,5.67,3.86,1.81,18.1,8.7,0.67,0.4,3.52,1.43,0.29,0.333,8.74,2.12,0.36,0.429
2025,KT,강백호,1,0,0,1.0,18.0,16.52,4.0,14.3,14.3,9.0,0.5,13.5,3.0,0.5,0.5,27.0,6.0,0.5,0.667
2025,KT,한차현,2,0,0,1.2,16.2,6.26,3.6,9.1,18.2,0.0,0.5,0.0,6.0,0.0,0.667,20.25,3.0,0.5,0.5
2025,KT,김재원,4,0,0,4.1,10.38,8.26,2.54,16.7,33.3,0.0,0.273,10.8,1.8,0.2,0.4,9.0,5.0,0.25,0.667
2025,KT,이채호,10,0,0,11.2,6.17,4.87,1.46,15.1,9.4,0.77,0.306,4.05,1.35,0.28,0.345,9.64,1.71,0.313,0.409
2025,KT,김동현,3,0,0,3.1,13.5,10.94,3.0,21.1,15.8,5.4,0.5,13.5,1.88,0.364,0.417,13.5,7.5,0.6,0.714
2025,KT,이정현,6,0,0,4.1,16.62,5.88,3.0,11.1,14.8,0.0,0.474,22.5,3.5,0.545,0.538,11.57,2.57,0.3,0.5
2025,KT,최동환,20,1,1,18.2,8.68,7.32,2.09,9.9,13.2,1.93,0.354,11.25,2.0,0.324,0.41,6.1,1.94,0.325,0.429
2025,KT,임준형,5,0,0,4.0,9.0,6.22,3.0,16.7,20.8,0.0,0.5,0.0,0.0,0.0,0.25,3.0,3.33,0.385,0.556
2025,KT,강건,2,0,1,3.2,24.55,13.46,3.82,3.8,26.9,2.46,0.429,18.0,2.5,0.5,0.556,32.4,5.4,0.5,0.667
2025,두산,잭로그,30,10,8,176.0,2.81,3.26,1.05,21.6,5.4,0.41,0.281,3.62,1.27,0.26,0.323,1.86,0.68,0.165,0.213
2025,두산,콜어빈,28,8,12,144.2,4.48,4.59,1.53,19.7,12.2,0.56,0.332,4.23,1.49,0.239,0.37,4.55,1.5,0.29,0.374
2025,두산,곽빈,19,5,7,109.1,4.2,3.71,1.25,23.0,8.8,0.74,0.286,2.89,0.71,0.166,0.195,4.88,1.63,0.252,0.36
2025,두산,최승용,23,5,7,116.1,4.41,4.37,1.35,14.0,7.1,0.62,0.297,5.09,1.45,0.277,0.34,4.02,1.34,0.263,0.322
2025,두산,최민석,17,3,3,77.2,4.4,4.85,1.36,15.9,10.2,0.81,0.281,3.52,1.17,0.192,0.298,5.11,1.57,0.293,0.373
2025,두산,김택연,64,4,5,66.1,3.53,3.71,1.18,28.1,11.0,0.81,0.263,3.99,1.02,0.192,0.282,3.31,1.27,0.206,0.309
2025,두산,최원준,47,4,7,107.0,4.71,5.7,1.34,13.6,8.3,1.51,0.264,6.66,1.27,0.239,0.312,2.83,1.35,0.275,0.33
2025,두산,이영하,73,4,4,66.2,4.05,4.09,1.53,24.1,13.0,0.54,0.341,4.11,1.43,0.252,0.362,3.34,1.58,0.252,0.368
2025,두산,박신지,54,2,4,60.0,2.85,4.56,1.4,13.6,11.0,0.45,0.275,2.45,1.21,0.231,0.309,3.6,1.6,0.268,0.372
2025,두산,양재훈,19,0,0,23.1,4.24,4.51,1.16,20.4,8.6,1.16,0.254,5.11,1.14,0.222,0.28,3.38,1.22,0.237,0.31
2025,두산,박정수,29,1,0,26.1,4.1,4.28,1.48,12.6,6.7,0.34,0.341,4.32,1.38,0.309,0.351,3.72,1.66,0.294,0.405
2025,두산,박치국,73,4,4,62.1,3.75,3.78,1.27,21.0,7.7,0.58,0.305,1.55,0.89,0.179,0.261,8.02,1.88,0.333,0.396
2025,두산,이교훈,10,1,0,7.2,1.17,3.72,1.04,24.1,13.8,0.0,0.25,0.0,0.43,0.167,0.167,1.8,1.0,0.188,0.316
2025,두산,제환유,6,0,1,16.1,4.96,6.7,1.78,10.3,15.4,1.1,0.278,1.8,1.9,0.317,0.417,11.12,1.59,0.2,0.346
2025,두산,김민규,7,1,1,9.2,4.66,6.91,1.55,12.8,12.8,0.93,0.267,6.0,1.33,0.263,0.37,0.0,1.5,0.25,0.412
2025,두산,홍민규,20,2,1,33.1,4.59,5.61,1.56,11.3,9.9,1.08,0.29,2.76,1.78,0.308,0.395,6.61,1.35,0.262,0.306
2025,두산,김한중,2,0,0,2.0,0.0,3.92,0.5,0.0,0.0,0.0,0.125,0.0,1.0,0.2,0.2,0.0,0.0,0.0,0.0
2025,두산,홍건희,20,2,1,16.0,6.19,6.06,2.06,18.1,18.1,1.13,0.327,6.52,2.48,0.325,0.471,6.35,1.59,0.208,0.321
2025,두산,최종인,3,0,0,1.2,5.4,2.18,2.4,55.6,33.3,0.0,1.0,9.0,3.0,0.25,0.5,0.0,1.5,0.0,0.333
2025,두산,김정우,18,0,0,21.0,3.86,4.77,1.67,12.6,8.7,0.43,0.338,3.0,1.5,0.283,0.37,5.19,1.85,0.333,0.386
2025,두산,이병헌,22,0,0,13.0,6.23,5.07,1.62,16.1,17.9,0.69,0.278,6.23,0.92,0.231,0.286,6.23,1.85,0.25,0.39
2025,두산,최준호,9,1,2,16.0,8.44,7.37,1.69,14.9,12.2,2.25,0.292,8.64,1.44,0.233,0.361,9.0,1.86,0.321,0.412
2025,두산,윤태호,10,0,1,17.1,6.75,3.91,1.21,21.9,6.8,1.04,0.292,6.75,1.29,0.27,0.308,7.36,1.23,0.231,0.3
2025,두산,김유성,7,0,2,17.1,8.83,6.13,1.79,25.9,16.5,1.56,0.333,11.42,1.85,0.257,0.409,6.75,1.63,0.267,0.405
2025,두산,김명신,8,0,0,8.1,5.4,3.65,1.92,14.0,7.0,0.0,0.394,8.31,2.08,0.381,0.417,3.0,2.0,0.308,0.4
2025,두산,김호준,19,0,1,10.2,6.75,6.61,1.97,13.0,13.0,1.69,0.316,6.0,1.33,0.111,0.333,4.91,1.77,0.313,0.371
2025,두산,최지강,39,2,5,32.2,6.34,3.47,1.65,25.5,8.7,0.83,0.422,5.09,1.42,0.29,0.355,6.14,1.64,0.281,0.369
2025,두산,고효준,45,2,1,21.0,6.86,6.06,2.05,18.3,13.5,1.71,0.391,12.27,2.18,0.313,0.421,5.4,1.92,0.318,0.423
2025,한화,폰세,29,17,1,180.2,1.89,1.92,0.94,36.2,5.9,0.5,0.307,2.37,0.92,0.192,0.246,1.47,0.95,0.201,0.258
2025,한화,와이스,30,16,5,178.2,2.87,3.12,1.02,28.6,7.7,0.66,0.264,2.93,0.93,0.189,0.258,3.05,1.09,0.198,0.281
2025,한화,류현진,26,9,7,139.1,3.23,3.37,1.21,21.3,4.4,0.78,0.325,4.09,1.36,0.285,0.329,2.23,1.09,0.251,0.279
2025,한화,한승혁,71,3,3,64.0,2.25,4.09,1.23,19.7,8.6,0.56,0.289,2.16,1.32,0.248,0.312,2.54,1.24,0.238,0.353
2025,한화,문동주,24,11,5,121.0,4.02,2.72,1.18,26.9,6.2,0.52,0.326,4.02,1.08,0.232,0.279,3.73,1.28,0.25,0.307
2025,한화,김서현,69,2,4,66.0,3.14,3.7,1.26,25.4,11.1,0.55,0.298,2.97,1.12,0.214,0.325,3.27,1.33,0.23,0.329
2025,한화,김범수,73,2,1,48.0,2.25,3.45,1.08,21.0,11.3,0.0,0.238,4.6,1.21,0.196,0.303,1.15,0.99,0.176,0.276
2025,한화,조동욱,68,3,3,60.0,4.05,4.63,1.77,15.2,10.2,0.6,0.363,5.4,2.58,0.388,0.462,3.7,1.45,0.272,0.356
2025,한화,정우주,51,3,0,53.2,2.85,3.28,1.02,36.0,9.2,1.01,0.264,3.86,0.96,0.183,0.274,1.66,1.11,0.169,0.309
2025,한화,김종수,63,4,5,63.2,3.25,4.55,1.46,20.9,12.8,0.71,0.299,3.78,1.56,0.236,0.368,2.12,1.25,0.238,0.308
2025,한화,박상원,74,4,3,66.2,4.19,4.07,1.32,17.7,7.1,0.54,0.307,4.91,1.42,0.282,0.342,2.79,1.07,0.206,0.292
2025,한화,황준서,23,2,8,56.0,5.3,4.46,1.43,23.6,10.7,1.13,0.313,3.86,1.1,0.207,0.29,7.59,1.92,0.33,0.406
2025,한화,윤산흠,12,0,0,16.2,3.78,3.62,1.26,23.3,6.8,0.54,0.319,4.32,0.96,0.25,0.314,3.38,1.5,0.226,0.333
2025,한화,김기중,5,0,1,14.2,3.07,4.08,1.5,12.1,9.1,0.0,0.314,1.35,1.65,0.259,0.344,5.4,1.5,0.308,0.379
2025,한화,이태양,14,0,1,11.1,3.97,3.85,1.68,15.7,9.8,0.0,0.389,3.6,2.2,0.364,0.462,4.5,1.17,0.286,0.318
2025,한화,박준영,1,0,0,5.0,3.6,6.26,1.8,12.5,25.0,0.0,0.2,5.4,1.5,0.1,0.333,0.0,2.4,0.286,0.444
2025,한화,권민규,5,0,0,5.1,8.44,8.47,2.25,14.3,25.0,1.69,0.25,9.0,5.0,0.4,0.625,9.0,1.75,0.214,0.368
2025,한화,강재민,4,0,0,4.0,9.0,6.17,2.0,25.0,10.0,2.25,0.455,0.0,2.25,0.429,0.429,13.5,1.88,0.333,0.462
2025,한화,원종혁,2,0,0,1.2,16.2,6.26,3.0,10.0,20.0,5.4,0.2,0.0,4.5,0.333,0.6,40.5,3.0,0.667,0.5
2025,한화,주현상,48,5,2,41.2,5.18,4.98,1.66,19.2,5.2,1.73,0.384,4.76,1.72,0.347,0.377,5.82,1.71,0.319,0.388
2025,한화,김승일,5,0,0,2.2,23.63,12.77,2.25,17.6,17.6,3.38,0.286,9.0,2.0,0.0,0.4,32.4,2.4,0.375,0.5
2025,한화,엄상백,28,2,7,80.2,6.58,5.37,1.79,19.5,10.0,1.45,0.383,6.75,1.73,0.329,0.399,6.64,1.81,0.314,0.408
2025,한화,이상규,5,0,1,9.0,8.0,3.95,2.22,10.6,8.5,0.0,0.421,11.25,1.5,0.278,0.316,5.4,2.8,0.44,0.5
2025,키움,알칸타라,19,8,4,121.0,3.27,3.47,1.12,18.7,2.0,0.82,0.309,3.04,1.07,0.256,0.281,3.27,1.12,0.269,0.285
2025,키움,로젠버그,13,4,4,75.1,3.23,3.29,1.17,25.0,7.8,0.6,0.286,2.06,1.03,0.197,0.28,5.16,1.35,0.24,0.301
2025,키움,하영민,28,7,14,153.1,4.99,3.79,1.37,20.0,6.1,0.76,0.336,5.27,1.37,0.271,0.33,4.54,1.31,0.278,0.324
2025,키움,주승우,42,2,2,44.0,2.45,5.21,1.18,19.6,9.5,1.43,0.241,3.2,1.27,0.221,0.321,2.05,1.09,0.22,0.289
2025,키움,오석주,53,2,1,58.1,3.7,4.82,1.39,17.5,11.5,0.62,0.291,5.04,1.55,0.266,0.388,2.39,1.14,0.215,0.299
2025,키움,메르세데스,8,3,3,46.1,4.47,3.61,1.36,20.8,4.6,0.97,0.35,3.0,1.58,0.296,0.352,5.82,1.11,0.286,0.286
2025,키움,웰스,4,1,1,20.0,3.15,3.04,1.2,18.8,7.1,0.0,0.29,4.26,1.26,0.208,0.304,0.0,1.05,0.269,0.269
2025,키움,윤석원,37,1,1,37.1,5.54,4.18,1.42,16.9,7.5,0.72,0.33,3.44,1.15,0.238,0.304,7.13,1.81,0.338,0.388
2025,키움,손힘찬,4,0,0,4.0,11.25,5.42,2.25,18.2,18.2,0.0,0.385,21.6,2.4,0.286,0.5,3.86,2.14,0.3,0.417
2025,키움,김동규,9,0,0,8.0,6.75,8.17,3.0,20.4,22.4,2.25,0.423,5.79,2.36,0.318,0.423,6.0,4.33,0.4,0.591
2025,키움,김성민,29,0,3,25.0,4.68,4.77,1.52,15.9,11.5,0.36,0.324,6.97,1.65,0.278,0.413,2.08,1.38,0.265,0.368
2025,키움,정현우,18,3,7,81.1,5.86,5.52,1.72,14.3,12.5,0.89,0.318,5.1,1.77,0.279,0.392,6.56,1.77,0.306,0.382
2025,키움,정세영,4,0,1,2.2,16.88,6.84,4.88,9.1,18.2,0.0,0.563,21.6,4.8,0.455,0.571,9.0,4.0,0.5,0.571
2025,키움,김선기,44,1,7,78.0,5.65,5.79,1.83,11.3,12.3,0.69,0.332,4.23,1.93,0.299,0.43,7.32,1.71,0.301,0.376
2025,키움,손현기,2,0,0,3.0,15.0,14.52,3.33,5.6,33.3,3.0,0.333,0.0,3.0,0.286,0.615,40.5,1.5,0.333,0.333
2025,키움,이강준,29,0,3,24.2,6.57,5.2,1.86,21.8,14.3,1.1,0.377,9.0,2.0,0.304,0.448,2.38,1.68,0.267,0.365
2025,키움,박정훈,16,0,1,23.0,7.43,7.01,1.91,6.0,17.2,0.39,0.277,4.76,1.76,0.237,0.415,9.26,1.97,0.306,0.41
2025,키움,김서준,4,0,0,5.1,20.25,9.51,3.56,11.8,14.7,3.38,0.522,23.14,4.29,0.533,0.588,16.88,3.0,0.455,0.533
2025,키움,박주성,18,2,3,52.0,6.58,5.9,1.52,11.1,6.8,1.56,0.302,4.2,1.13,0.225,0.29,10.8,1.95,0.375,0.412
2025,키움,조영건,51,5,5,77.2,5.68,5.97,1.57,13.3,10.8,1.39,0.288,4.75,1.39,0.274,0.333,6.81,1.64,0.278,0.367
2025,키움,김연주,20,1,3,51.2,6.62,6.73,1.78,11.2,10.0,1.74,0.318,4.25,1.35,0.241,0.336,9.28,2.25,0.384,0.447
2025,키움,임진묵,4,0,0,3.2,24.55,7.11,4.09,10.7,17.9,0.0,0.526,13.5,1.5,0.364,0.385,36.0,9.0,0.556,0.692
2025,키움,양지율,18,0,2,14.0,8.36,6.97,1.79,14.5,10.1,1.93,0.326,3.38,1.13,0.179,0.343,15.88,2.82,0.433,0.485
2025,키움,박윤성,54,0,5,51.2,4.53,5.29,1.43,17.7,8.4,1.57,0.299,4.07,1.64,0.283,0.36,5.33,1.22,0.26,0.311
2025,키움,김윤하,19,0,12,88.0,6.14,6.31,1.78,12.3,10.4,1.64,0.321,6.0,1.73,0.305,0.376,6.28,1.86,0.313,0.393
2025,키움,이준우,31,1,4,23.0,8.61,5.92,2.13,18.6,10.2,2.35,0.405,8.25,2.0,0.358,0.414,8.44,1.97,0.326,0.415
2025,키움,전준표,21,2,2,20.1,8.85,6.55,2.56,13.2,16.7,0.89,0.431,9.58,2.32,0.333,0.473,8.68,2.89,0.419,0.528
2025,키움,윤현,17,2,1,22.0,8.59,7.37,2.45,12.0,18.4,0.82,0.363,12.19,2.23,0.333,0.458,4.76,2.47,0.311,0.468
2025,키움,원종현,61,2,4,54.1,6.13,4.29,1.58,16.1,7.3,0.83,0.36,4.86,1.32,0.274,0.333,7.65,1.9,0.364,0.406
2025,KIA,네일,27,8,4,164.1,2.25,3.13,1.07,22.9,6.2,0.33,0.291,2.32,0.92,0.216,0.269,2.22,1.22,0.237,0.313
2025,KIA,올러,26,11,7,149.0,3.62,2.9,1.15,27.3,7.6,0.48,0.306,3.66,1.15,0.224,0.297,3.39,1.06,0.21,0.272
2025,KIA,성영탁,45,3,2,52.1,1.55,3.74,0.97,15.2,6.6,0.34,0.238,1.5,0.9,0.193,0.233,1.83,1.17,0.258,0.319
2025,KIA,전상현,74,7,5,70.0,3.34,3.73,1.2,17.2,6.9,0.51,0.282,2.95,0.96,0.223,0.253,3.94,1.45,0.252,0.338
2025,KIA,조상우,72,6,6,60.0,3.9,4.27,1.52,20.3,10.0,0.75,0.343,3.31,1.42,0.252,0.36,2.74,1.57,0.298,0.365
2025,KIA,김도현,24,4,7,125.1,4.81,4.64,1.45,12.7,5.9,0.79,0.322,2.87,1.18,0.245,0.305,7.19,1.79,0.346,0.393
2025,KIA,양현종,30,7,9,153.0,5.06,4.35,1.49,16.1,8.4,0.71,0.327,4.45,1.42,0.264,0.338,6.59,1.68,0.329,0.373
2025,KIA,정해영,60,3,7,61.2,3.79,2.86,1.51,26.2,6.5,0.58,0.401,3.41,1.55,0.309,0.348,4.5,1.57,0.298,0.363
2025,KIA,김기훈,24,1,1,27.2,3.25,3.61,1.27,23.1,8.5,0.65,0.303,3.14,1.19,0.245,0.305,3.46,1.23,0.234,0.296
2025,KIA,김태형,8,0,3,23.2,4.56,6.07,1.35,13.1,6.5,1.52,0.284,4.73,1.43,0.294,0.357,4.5,1.3,0.25,0.348
2025,KIA,김현수,18,0,0,18.1,2.45,5.46,1.64,12.8,15.1,0.98,0.259,2.25,2.0,0.351,0.415,2.79,1.34,0.129,0.317
2025,KIA,윤영철,13,2,7,50.0,5.58,4.7,1.64,18.9,13.2,0.72,0.324,3.2,1.78,0.247,0.4,8.1,1.37,0.274,0.317
2025,KIA,김민재,1,0,0,2.0,0.0,2.67,1.0,12.5,0.0,0.0,0.286,0.0,1.5,0.333,0.333,0.0,1.0,0.25,0.25
2025,KIA,윤중현,13,1,0,10.1,4.35,6.08,1.65,14.6,14.6,1.74,0.258,5.4,1.2,0.174,0.296,0.0,2.33,0.357,0.438
2025,KIA,황동하,18,1,2,35.2,5.3,4.25,1.35,20.0,6.5,1.01,0.327,3.74,0.97,0.215,0.279,9.0,2.17,0.385,0.441
2025,KIA,유지성,1,0,0,1.0,0.0,3.92,0.0,0.0,0.0,0.0,0.0,0.0,0.0,0.0,0.0,0.0,0.0,0.0,0.0
2025,KIA,유승철,1,0,0,2.0,4.5,3.37,2.5,27.3,18.2,0.0,0.5,0.0,0.75,0.0,0.2,13.5,6.0,0.6,0.667
2025,KIA,김정엽,2,0,0,1.0,18.0,10.32,1.0,0.0,20.0,0.0,0.0,54.0,3.0,0.0,0.667,0.0,0.0,0.0,0.0
2025,KIA,장재혁,3,0,0,3.0,6.0,9.42,2.0,15.4,23.1,3.0,0.286,5.4,1.2,0.2,0.333,6.75,3.0,0.4,0.571
2025,KIA,이도현,6,1,1,13.0,6.92,5.32,1.92,13.8,12.3,0.69,0.348,3.72,1.34,0.222,0.326,18.0,4.0,0.5,0.571
2025,KIA,김대유,15,0,1,8.1,9.72,5.98,1.92,7.1,9.5,1.08,0.324,21.6,2.4,0.286,0.444,6.75,1.65,0.31,0.344
2025,KIA,홍원빈,2,0,0,1.2,27.0,10.1,3.6,9.1,36.4,0.0,0.333,67.5,3.0,0.5,0.5,0.0,4.0,0.25,0.571
2025,KIA,이준영,57,3,1,34.0,4.76,4.55,1.38,23.4,7.6,1.59,0.326,9.0,1.88,0.281,0.395,3.55,1.26,0.276,0.311
2025,KIA,김민주,3,0,0,3.0,12.0,6.52,2.0,11.8,11.8,0.0,0.364,5.4,1.2,0.286,0.286,20.25,3.0,0.4,0.6
2025,KIA,최지민,66,2,4,53.1,6.58,6.51,1.82,15.4,20.2,0.84,0.27,5.79,1.8,0.214,0.382,7.14,1.72,0.238,0.409
2025,KIA,이성원,4,0,0,2.2,16.88,9.51,2.63,15.8,21.1,0.0,0.333,36.0,4.0,0.333,0.636,5.4,1.8,0.167,0.375
2025,KIA,곽도규,9,0,0,4.0,13.5,7.19,2.25,22.7,27.3,0.0,0.333,27.0,4.5,0.333,0.6,12.0,1.67,0.111,0.467
2025,KIA,김시훈,9,1,0,9.2,7.45,7.13,1.55,16.3,9.3,2.79,0.276,9.0,1.83,0.333,0.407,5.4,1.2,0.214,0.267
2025,KIA,이의리,10,1,4,39.2,7.94,5.81,1.82,21.8,16.1,1.36,0.324,7.04,1.7,0.233,0.374,8.04,1.79,0.279,0.392
2025,KIA,임기영,10,1,1,9.0,13.0,6.6,3.0,9.6,7.7,2.0,0.525,7.5,2.83,0.483,0.531,27.0,3.75,0.529,0.556
2025,KIA,이호민,13,1,0,14.2,8.59,4.91,2.05,9.7,12.5,0.0,0.404,5.14,2.14,0.407,0.469,12.86,2.14,0.345,0.472
2025,KIA,이형범,12,0,0,10.0,11.7,3.7,2.6,10.7,8.9,0.0,0.477,11.37,2.68,0.467,0.486,12.27,2.45,0.389,0.45
2025,KIA,김건국,26,0,3,46.0,6.85,6.61,1.65,14.4,7.9,2.15,0.318,5.33,1.52,0.279,0.361,9.53,1.94,0.375,0.412
2025,KIA,한재승,18,1,0,15.1,10.57,6.96,2.15,23.0,16.2,2.35,0.436,9.82,2.59,0.419,0.513,12.86,1.86,0.308,0.406
2025,NC,라일리,30,17,7,172.0,3.45,3.12,1.12,30.5,7.9,0.94,0.286,3.48,1.03,0.215,0.264,3.56,1.24,0.214,0.295
2025,NC,로건,32,7,12,173.0,4.53,4.39,1.43,19.4,8.7,0.94,0.31,5.44,1.43,0.268,0.338,3.36,1.46,0.261,0.337
2025,NC,신민혁,28,6,3,132.0,4.77,5.18,1.32,14.8,4.6,1.57,0.294,5.81,1.52,0.3,0.351,3.94,1.17,0.265,0.294
2025,NC,류진욱,62,4,3,66.0,3.27,4.44,1.18,20.7,10.2,0.82,0.25,4.26,1.14,0.2,0.313,2.43,1.23,0.225,0.304
2025,NC,김진호,76,4,3,72.1,3.36,4.67,1.35,22.2,14.2,0.62,0.26,3.86,1.38,0.198,0.356,3.08,1.39,0.217,0.337
2025,NC,김영규,45,4,3,44.0,2.86,4.05,1.32,18.5,9.5,0.61,0.296,2.81,1.5,0.25,0.352,2.96,1.21,0.253,0.318
2025,NC,배재환,70,2,4,60.1,4.48,4.84,1.41,18.8,13.7,0.45,0.276,3.0,1.37,0.211,0.372,6.28,1.53,0.243,0.366
2025,NC,전사민,74,7,7,82.1,4.26,4.02,1.45,16.8,8.9,0.33,0.328,3.66,1.47,0.26,0.377,4.68,1.37,0.283,0.331
2025,NC,손주환,52,6,1,51.2,4.35,4.52,1.39,16.5,8.5,0.87,0.298,4.75,1.02,0.222,0.267,3.92,1.89,0.319,0.388
2025,NC,구창모,4,1,0,14.1,2.51,2.28,1.19,30.5,5.1,0.63,0.351,1.29,1.14,0.2,0.286,3.68,1.23,0.29,0.29
2025,NC,한재승,18,0,0,18.0,3.0,5.46,2.11,20.7,21.8,0.5,0.367,4.32,2.04,0.25,0.415,1.86,2.07,0.286,0.444
2025,NC,김녹원,21,3,4,70.0,6.56,6.58,1.74,11.3,14.4,1.29,0.289,5.65,1.81,0.243,0.4,7.55,1.78,0.31,0.392
2025,NC,목지훈,16,3,5,58.0,6.05,5.75,1.9,16.1,15.0,0.93,0.344,5.47,1.63,0.28,0.375,6.98,2.19,0.322,0.453
2025,NC,소이현,7,0,0,8.0,5.63,6.18,1.5,8.3,19.4,0.0,0.208,3.6,1.2,0.263,0.333,10.13,2.25,0.0,0.462
2025,NC,임지민,7,0,1,4.2,3.86,3.6,1.29,35.0,25.0,0.0,0.125,0.0,1.5,0.0,0.333,5.4,1.2,0.091,0.286
2025,NC,조민석,6,0,1,13.0,6.92,9.1,1.77,6.6,18.0,2.08,0.22,8.64,1.32,0.185,0.371,4.15,2.54,0.35,0.458
2025,NC,도태훈,1,0,0,1.0,9.0,13.32,3.0,16.7,0.0,9.0,0.5,99.99,99.99,1.0,1.0,0.0,1.5,0.333,0.333
2025,NC,임상현,1,0,0,1.0,18.0,13.52,5.0,0.0,37.5,0.0,0.4,13.5,3.0,0.333,0.5,27.0,9.0,0.5,0.75
2025,NC,김민규,7,0,0,4.2,7.71,4.9,1.93,8.7,17.4,0.0,0.294,10.13,2.63,0.385,0.467,5.4,1.2,0.0,0.286
2025,NC,김태현,5,0,0,3.0,12.0,15.52,2.67,11.8,17.6,6.0,0.375,27.0,9.0,1.0,1.0,10.13,1.88,0.3,0.462
2025,NC,하준영,10,1,1,5.1,6.75,5.17,3.19,15.2,21.2,0.0,0.476,9.0,6.0,0.6,0.75,6.23,2.54,0.333,0.44
2025,NC,신영우,8,1,3,14.1,7.53,6.51,1.67,27.9,23.5,1.26,0.222,7.2,2.8,0.25,0.536,7.71,1.07,0.133,0.308
2025,NC,김태훈,18,0,0,19.0,5.21,8.1,1.74,9.6,17.0,1.9,0.206,3.12,1.27,0.129,0.308,6.3,2.1,0.279,0.404
2025,NC,최우석,12,0,0,14.1,8.16,4.14,2.23,20.0,12.0,0.63,0.449,4.5,1.38,0.25,0.314,11.37,3.0,0.433,0.514
2025,NC,김시훈,15,0,0,16.0,8.44,6.17,1.75,14.7,8.0,2.25,0.333,5.87,2.22,0.344,0.447,9.0,1.25,0.294,0.286
2025,NC,이용찬,12,1,2,15.1,10.57,5.75,2.28,16.9,14.5,0.59,0.423,13.5,1.73,0.343,0.429,7.5,3.0,0.333,0.514
2025,NC,이준혁,25,1,3,37.0,7.3,6.54,1.7,17.6,11.8,1.95,0.337,6.3,1.45,0.274,0.386,6.75,1.94,0.333,0.432
2025,NC,최성영,35,2,2,47.2,6.23,5.7,1.89,14.5,12.3,1.13,0.364,5.4,1.8,0.304,0.391,6.49,1.94,0.343,0.432
2025,NC,김재열,22,0,1,21.2,6.23,7.33,2.22,14.4,14.4,2.08,0.38,8.44,2.53,0.396,0.483,4.5,2.0,0.333,0.426
2025,NC,김태경,6,0,0,11.0,10.64,8.88,2.45,16.1,14.5,3.27,0.4,12.0,1.5,0.292,0.37,9.64,3.86,0.458,0.594
2025,NC,임정호,31,1,1,18.2,4.82,5.88,1.45,17.0,10.2,1.45,0.278,0.0,1.31,0.25,0.318,6.75,1.5,0.255,0.381
